"#zikavirus"	"Mozziebites"	194871638	727449104796668000	"What is #ZikaVirus, how you catch it and how to avoid it too! via @DrMelOB @wanderlustmag https://t.co/W5THhv2Pgh #publichealth"	"Tue May 03 12:45:56 CEST 2016"	"DrMelOB"	1338460273	727378958300246000	".@Mozziebites I found an online version! #Zika beyond the Headlines @wanderlustmag. #health #mosquitoes #travel https://t.co/6NYuC6Cs9V"
"#zikavirus"	"ReedSchafer"	15191701	727391004811248000	"@AmericanAir i have done that. I've been ref all but $200 canc fee/ticket = $400 for 2 tix. Frustrating that AA won't help bc of #ZikaVirus"	"Tue May 03 08:55:04 CEST 2016"	"AmericanAir"	22536055	727332952732897000	"@ReedSchafer You'll use your ticket number on the Refunds page to check on the latest updates, Reed."
"#zikavirus"	"AmericanAir"	22536055	727332952732897000	"@ReedSchafer You'll use your ticket number on the Refunds page to check on the latest updates, Reed."	"Tue May 03 05:04:23 CEST 2016"	"ReedSchafer"	15191701	727327255391666000	"@AmericanAir yes. Faxed and mailed requested info from CR. No response. Been over 2 months. Had to cancel trip due to Zika w/ pregnant wife"
"#zikavirus"	"ReedSchafer"	15191701	727327255391666000	"@AmericanAir yes. Faxed and mailed requested info from CR. No response. Been over 2 months. Had to cancel trip due to Zika w/ pregnant wife"	"Tue May 03 04:41:45 CEST 2016"	"AmericanAir"	22536055	727326892232073000	"@ReedSchafer Our apologies. Did you contact Customer Relations?"
"#zikavirus"	"AmericanAir"	22536055	727326892232073000	"@ReedSchafer Our apologies. Did you contact Customer Relations?"	"Tue May 03 04:40:18 CEST 2016"	"ReedSchafer"	15191701	727326428493189000	"@AmericanAir fees weren't refunded using that site."
"#zikavirus"	"ReedSchafer"	15191701	727326428493189000	"@AmericanAir fees weren't refunded using that site."	"Tue May 03 04:38:28 CEST 2016"	"AmericanAir"	22536055	727326179959525000	"@ReedSchafer Reed, our refunds team will update the status here: https://t.co/xM8VkbQ07c."
"#zikavirus"	"AmericanAir"	22536055	727326179959525000	"@ReedSchafer Reed, our refunds team will update the status here: https://t.co/xM8VkbQ07c."	"Tue May 03 04:37:29 CEST 2016"	"ReedSchafer"	15191701	727321205783450000	"@AmericanAir sent in request on 3/3/16 for fees ($400) refund for cancelled flight due to #ZikaVirus. Still no refund. Can you help?"
"#zikavirus"	"Nutri_Claudine"	465514030	727321474080641000	"@CBSEveningNews Possible it may be a different strain of the #ZikaVirus."	"Tue May 03 04:18:47 CEST 2016"	"CBSEveningNews"	42958829	727281526082265000	"Zika has been discovered in a second mosquito species that ranges as far north as ME & MN.: https://t.co/DeUXk7pCsI https://t.co/ZgmCo4aQeM"
"#zikavirus"	"FoxxMediaGroup"	561547819	727316420292301000	".@LifeNewsHQ as @TheDemocrats @BarackObama & @HillaryClinton work on other ways to fund #plannedparenthood parts factories! #ZikaVirus"	"Tue May 03 03:58:42 CEST 2016"	"LifeNewsHQ"	50434933	727313059216265000	"Abortion Clinic Director Laments That Fewer Women Want Abortions: ‚ÄúWe‚Äôre a Dying Breed‚Äù https://t.co/k4SdZmOtcL https://t.co/uxxABcYKI8"
"#zikavirus"	"fezziwig2008"	376154503	727293586950263000	"@CBSEveningNews absolutely brings home the fact that #ZikaVirus Rx should be antiviral not antiMosquito #Oxitec"	"Tue May 03 02:27:58 CEST 2016"	"CBSEveningNews"	42958829	727281526082265000	"Zika has been discovered in a second mosquito species that ranges as far north as ME & MN.: https://t.co/DeUXk7pCsI https://t.co/ZgmCo4aQeM"
"#zikavirus"	"white_feminist"	178790927	727292783740899000	"@primatemachine @RCAFDM there's little doubt about the effects of the TRAP laws. But I agree w prioritizing b.c. access #ZikaVirus"	"Tue May 03 02:24:46 CEST 2016"	"primatemachine"	2890828923	727291755863925000	"@white_feminist @RCAFDM sure but it questions part of the argument clinics are closing because of regulation"
"#zikavirus"	"primatemachine"	2890828923	727291755863925000	"@white_feminist @RCAFDM sure but it questions part of the argument clinics are closing because of regulation"	"Tue May 03 02:20:41 CEST 2016"	"white_feminist"	178790927	727291240153121000	"@primatemachine @RCAFDM I read the article. It states that that part of the equation is based on better access to bc"
"#zikavirus"	"white_feminist"	178790927	727291240153121000	"@primatemachine @RCAFDM I read the article. It states that that part of the equation is based on better access to bc"	"Tue May 03 02:18:38 CEST 2016"	"primatemachine"	2890828923	727290258619007000	"@white_feminist @RCAFDM point they are making is even in blue states with generous access to abortion, clinics are closing 4 lack of demand"
"#zikavirus"	"primatemachine"	2890828923	727290258619007000	"@white_feminist @RCAFDM point they are making is even in blue states with generous access to abortion, clinics are closing 4 lack of demand"	"Tue May 03 02:14:44 CEST 2016"	"white_feminist"	178790927	727287825683509000	"@primatemachine @RCAFDM that's good news- but seems to refer only to blue states and seems based on good b.c. access in those states"
"#zikavirus"	"white_feminist"	178790927	727287825683509000	"@primatemachine @RCAFDM that's good news- but seems to refer only to blue states and seems based on good b.c. access in those states"	"Tue May 03 02:05:04 CEST 2016"	"primatemachine"	2890828923	727243829942821000	"@white_feminist @RCAFDM https://t.co/bnN5bymtCG"
"#zikavirus"	"white_feminist"	178790927	727288302320001000	"@primatemachine @RCAFDM btw when I say repro rights I mean access to b.c. also esp relevant in latin A, soon in US #ZikaVirus"	"Tue May 03 02:06:58 CEST 2016"	"white_feminist"	178790927	727287825683509000	"@primatemachine @RCAFDM that's good news- but seems to refer only to blue states and seems based on good b.c. access in those states"
"#zikavirus"	"natures_enzymes"	715261746429239000	727281945391063000	"hi @MuttMaps did you know we are about to stop #ZikaVirus because #MosquitoSeason is coming soon. https://t.co/MVjCzMthUQ #Zika #Virus"	"Tue May 03 01:41:42 CEST 2016"	"MuttMaps"	2291239339	727281586815775000	"@natures_enzymes Hi Natures Enzymes, thanks for the follow!  Did you know you can join our pack for FREE at https://t.co/2dkQgrMONS ?!"
"#zikavirus"	"RealPoxdoc"	2471591280	727271818961256000	"@LionelYEG If you do, let me know. We're finalizing animal models @IITRI_Chicago. #zika #ZikaVirus @profvrr @Zika_News"	"Tue May 03 01:01:28 CEST 2016"	"LionelYEG"	2858152724	727245491872784000	"First time plaquing #ZikaVirus, wish me luck @profvrr . Hope we find an antiviral! https://t.co/bHMxAHxJHs"
"#zikavirus"	"desifoxx"	38036708	727233305653948000	".@CNBC Yeah ladies...no hurry to cure #ZikaVirus but $1.9BIL in taxpayers money anyway. @TheDemocrats rather women get abortions instead!"	"Mon May 02 22:28:26 CEST 2016"	"CNBC"	20402945	727231440824504000	"Zika vaccine 'going to take time': CDC official https://t.co/j21qc3o1qY"
"#zikavirus"	"CareFreeEnzymes"	496094537	727224834955071000	"@lawnapp360 your welcome! Anybody you know have ponds or water features? they need #MosquitoWater because it stops #Mosquitoes #ZikaVirus"	"Mon May 02 21:54:46 CEST 2016"	"lawnapp360"	3256895281	727218691092292000	"Thanks for the follow @CareFreeEnzymes"
"#zikavirus"	"Erst_Officer"	2418430788	727169419760288000	"@GeneticLiteracy @JonEntine @garyruskin In #MotherRuskin, microcephaly is beauty symbol. #ZikaVirus"	"Mon May 02 18:14:34 CEST 2016"	"GeneticLiteracy"	469509187	727165951720980000	"Sticking with #transparency, science, #GLP's @JonEntine responds to @garyruskin attacks, https://t.co/led8KqWyZq https://t.co/WMIG2mrbxQ"
"#zikavirus"	"StupidBoomers"	187059363	727151759462797000	"@thehill Rampant Islamic Terror, #ZikaVirus & $20,000,000,000,000 TRILLION in debt & this is what our WORTHLESS Govt focuses on? We R DOOMED"	"Mon May 02 17:04:23 CEST 2016"	"thehill"	1917731	727149920029909000	"Case on cheerleader uniforms reaches Supreme Court: https://t.co/MDEpPdn1HX https://t.co/lZdSQulyHe"
"#zikavirus"	"FReSH_MeNeHUNe"	213723378	727072532369535000	"@BBCWorld i just hope this poster child for #ZikaVirus is getting paid for all the media attention she is getting.. #sadbuttrue"	"Mon May 02 11:49:34 CEST 2016"	"BBCWorld"	742143	727045905862545000	"#Zika virus may be even more dangerous than previously thought, Brazilian scientists say   https://t.co/Mpmz9AeBPe https://t.co/SKaB4D7urA"
"#zikavirus"	"SheikhFareed00"	726671791586845000	727003043263181000	"@sunbrk I don't trust doctors. I trust scriptures. #ZikaVirus #FakeTabloidFacts"	"Mon May 02 07:13:27 CEST 2016"	"sunbrk"	220906523	726993953472442000	"Kurin heekuri varah vure Zika virus ge nurakkaa bodu kamah doctorun vidhaalhuvejje  https://t.co/v0SY98kyYG https://t.co/Jz07xw3MMx"
"#zikavirus"	"astronglady"	1053271752	726820815891624000	"@aspiritcan @FlygirlDx @Oxitec <--Do you have more information on Zika linked microcephaly in French Polynesia? #ZikaVirus #Oxitec"	"Sun May 01 19:09:20 CEST 2016"	"aspiritcan"	2192855449	726797174336451000	"@astronglady A Danish study saying otherwise to giving antibiotics while pregnant. https://t.co/Z9ieNl0ZnA @FlygirlDx"
"#zikavirus"	"aspiritcan"	2192855449	726797174336451000	"@astronglady A Danish study saying otherwise to giving antibiotics while pregnant. https://t.co/Z9ieNl0ZnA @FlygirlDx"	"Sun May 01 17:35:24 CEST 2016"	"astronglady"	1053271752	726778438225396000	"@aspiritcan @FlygirlDx A pregnant woman with bacterial pneumonia needs antibiotics regardless of risk to fetus."
"#zikavirus"	"astronglady"	1053271752	726778438225396000	"@aspiritcan @FlygirlDx A pregnant woman with bacterial pneumonia needs antibiotics regardless of risk to fetus."	"Sun May 01 16:20:57 CEST 2016"	"aspiritcan"	2192855449	726460954062426000	"@astronglady When those RISKS haven't been proven safe to unborn babies there is NO option but to NOT give. @FlygirlDx"
"#zikavirus"	"aspiritcan"	2192855449	726460954062426000	"@astronglady When those RISKS haven't been proven safe to unborn babies there is NO option but to NOT give. @FlygirlDx"	"Sat Apr 30 19:19:23 CEST 2016"	"astronglady"	1053271752	726451237953089000	"@aspiritcan @FlygirlDx When prescribing drugs in pregnancy the benefit has to far outweigh the risks."
"#zikavirus"	"astronglady"	1053271752	726451237953089000	"@aspiritcan @FlygirlDx When prescribing drugs in pregnancy the benefit has to far outweigh the risks."	"Sat Apr 30 18:40:46 CEST 2016"	"aspiritcan"	2192855449	726444556510593000	"@astronglady But studies of class 2 drugs referring to Tdap. https://t.co/3NHeE3GBs6 @FlygirlDx"
"#zikavirus"	"aspiritcan"	2192855449	726444556510593000	"@astronglady But studies of class 2 drugs referring to Tdap. https://t.co/3NHeE3GBs6 @FlygirlDx"	"Sat Apr 30 18:14:13 CEST 2016"	"astronglady"	1053271752	726397656403173000	"@FlygirlDx @aspiritcan I would think if so there would be lots more microcephaly as TDAP is widely used."
"#zikavirus"	"astronglady"	1053271752	726397656403173000	"@FlygirlDx @aspiritcan I would think if so there would be lots more microcephaly as TDAP is widely used."	"Sat Apr 30 15:07:51 CEST 2016"	"FlygirlDx"	3240843350	726235393956282000	"@aspiritcan @astronglady Microencephaly ""may"" be caused by the #TDAP #vaccines. Not one #scientists will commit, ITD, suffer loss of career."
"#zikavirus"	"FlygirlDx"	3240843350	726235393956282000	"@aspiritcan @astronglady Microencephaly ""may"" be caused by the #TDAP #vaccines. Not one #scientists will commit, ITD, suffer loss of career."	"Sat Apr 30 04:23:05 CEST 2016"	"aspiritcan"	2192855449	726231353969115000	"@astronglady Why?! I don't know. From your cit. Now https://t.co/T2qHbG48sz notice RNA of #vaccines STOP! #Zika TDAP https://t.co/dcO3yOHIkv"
"#zikavirus"	"aspiritcan"	2192855449	726231353969115000	"@astronglady Why?! I don't know. From your cit. Now https://t.co/T2qHbG48sz notice RNA of #vaccines STOP! #Zika TDAP https://t.co/dcO3yOHIkv"	"Sat Apr 30 04:07:02 CEST 2016"	"astronglady"	1053271752	726226575184777000	"The Problem Is NOT Mosquitos But Viruses  #ZikaVirus #Health #LatinAmerica https://t.co/uOUb2RZyLn"
"#zikavirus"	"ByzantineRex"	719036521362272000	726812725863551000	"If I were choosing a carrier vaccine, I'd probably choose #meningitis or #Zika #ZikaVirus vaccine."	"Sun May 01 18:37:12 CEST 2016"	"ByzantineRex"	719036521362272000	726812040325530000	"Militaries using #flu to modify brains? He talks about down regulation, but I suspect he means induced lesions. https://t.co/1RUqdJFDPO"
"#zikavirus"	"cucumberjuice"	92181782	726810350453142000	"PLOS Neglected Tropical Diseases: #ZikaVirus Outbreak in #Haiti in 2014: Molecular and Clinical Data https://t.co/Cgcrwp7laS (4/4)"	"Sun May 01 18:27:45 CEST 2016"	"cucumberjuice"	92181782	726809965952803000	"‚ÄúFactors contributing to transmission & the possible linkage of this early Haitian outbreak w microcephaly remain to be determined.‚Äù (3/4)"
"#zikavirus"	"cucumberjuice"	92181782	726809965952803000	"‚ÄúFactors contributing to transmission & the possible linkage of this early Haitian outbreak w microcephaly remain to be determined.‚Äù (3/4)"	"Sun May 01 18:26:14 CEST 2016"	"cucumberjuice"	92181782	726809801670451000	"‚ÄúThe virus appears to have been circulating in Haiti prior to the first reported cases in Brazil.‚Äù (2/4)"
"#zikavirus"	"cucumberjuice"	92181782	726809801670451000	"‚ÄúThe virus appears to have been circulating in Haiti prior to the first reported cases in Brazil.‚Äù (2/4)"	"Sun May 01 18:25:34 CEST 2016"	"cucumberjuice"	92181782	726809696921899000	"‚ÄúZIKV epidemics in South America, as well as in Africa, show complex dissemination patterns.‚Äù (1/4)"
"#zikavirus"	"Ken_Alabama"	331756025	726778832934572000	"@ThompsonShelley #Bats & #ZikaVirus could make 'BAT FACT 1' Very Important in the U.S, https://t.co/a9J6Kje1E3"	"Sun May 01 16:22:31 CEST 2016"	"ThompsonShelley"	398334889	721351407908033000	"Please share info about our little friends. BAT FACT1  (See why we should love them? Bats can eat up to 1,200 mosquitoes in an hour -"
"#zikavirus"	"jblaque"	24775935	726672692431086000	"@Chimp999 Is it possible that BOTH chemical #pollution and the #ZikaVirus could be contributing to #microcephaly uptick? @InfectDisNews"	"Sun May 01 09:20:45 CEST 2016"	"Chimp999"	56520458	706852173699785000	"@InfectDisNews Leaked report: #petrochemical #pollution causes #microcephaly ‚Äì not #Zika https://t.co/Qn2pTa9Uye via @wordpressdotcom"
"#zikavirus"	"Chimp999"	56520458	706852173699785000	"@InfectDisNews Leaked report: #petrochemical #pollution causes #microcephaly ‚Äì not #Zika https://t.co/Qn2pTa9Uye via @wordpressdotcom"	"Mon Mar 07 15:41:05 CET 2016"	"InfectDisNews"	67008915	701846236127580000	"Follow the latest news and perspective on the Zika outbreak from Infectious Disease News. https://t.co/m2a3RmXEF7"
"#zikavirus"	"StupidBoomers"	187059363	726629997872468000	"@KatMcKinley @GayPatriot @washingtonpost that's the extent of the Obama's leadership to stop the #ZikaVirus - that & vacations & Golf"	"Sun May 01 06:31:06 CEST 2016"	"KatMcKinley"	13023332	726627678439109000	"@GayPatriot @washingtonpost I actually usually like her dresses, but this looks like a malaria mosquito net tent."
"#zikavirus"	"KatMcKinley"	13023332	726627678439109000	"@GayPatriot @washingtonpost I actually usually like her dresses, but this looks like a malaria mosquito net tent."	"Sun May 01 06:21:53 CEST 2016"	"GayPatriot"	18244206	726625229255152000	"Journalism https://t.co/umP37zCYxV"
"#zikavirus"	"ACompeggie"	834809228	726565032973066000	"@Bipartisanism Thee #GOP Refuses to Give #Funding until 1 & ONLY 1 of them Get Bit &/or Contract #ZikaVirus=             #PlasticPolitician"	"Sun May 01 02:12:57 CEST 2016"	"Bipartisanism"	487600344	726562449785115000	"JUST IN: First US Death From Zika Virus Has Been Found; GOP REFUSES To Give Funding To‚Ä¶ https://t.co/jLD1GacOXW https://t.co/vNF921bHk7"
"#zikavirus"	"OddLane"	36053459	726529603746054000	"@ChipotleTweets When can I get your #ZikaVirus organic cheese melt?"	"Sat Apr 30 23:52:10 CEST 2016"	"ChipotleTweets"	141341662	726515819039981000	"Tapped out? Nah. #ChipotleCultivate https://t.co/wxeul71bQO"
"#zikavirus"	"UglyNewRochelle"	1201596650	726528738813317000	"@SenSchumer Please, please push @MetroNorth to remove scores of potentially #ZikaVirus harboring discarded tires along its railroad tracks"	"Sat Apr 30 23:48:44 CEST 2016"	"SenSchumer"	17494010	726148824440410000	"This 1st US #Zika death in PR is very sad & the idea that we could help prevent future deaths but aren't just doesn't make much sense."
"#zikavirus"	"HeatFanJohn"	25359564	726454993721692000	"Hey @markknoller Can #POTUS call #Congress back into session to #DoTheirJobs on #SCOTUS appointment and #ZikaVirus funding? @AlFranken bill"	"Sat Apr 30 18:55:42 CEST 2016"	"markknoller"	31127446	726443402078753000	"Pres Obama began the day using his Weekly Address to again slam Senate Republicans for not giving his SCOTUS nominee a hearing & a vote."
"#zikavirus"	"ebbitt"	18826013	726440819398332000	"@SenateGOP @SenJohnMcCain too damn funny! You can't pass a #ZikaVirus funding Bill to head off a disaster!"	"Sat Apr 30 17:59:22 CEST 2016"	"SenateGOP"	14344823	726434505355973000	"Under this Administration, we‚Äôve been on a holiday from American leadership. ‚Äì @SenJohnMcCain #GOPAddress https://t.co/Zs02bAwQUX"
"#zikavirus"	"DrQuesada"	149149957	726414579404706000	"Now on #MayoClinicRadio, @DrPritishTosh gives an update on #Zikavirus. https://t.co/VRq4r7VKrr via @MayoClinic @INSPI_ECUADOR @rinachilly"	"Sat Apr 30 16:15:06 CEST 2016"	"MayoClinic"	14592723	726413298879631000	"Now on #MayoClinicRadio, @DrPritishTosh gives an update on #Zikavirus. https://t.co/so6tAVvuR9"
"#zikavirus"	"KevinFaircloth1"	429065890	726408045740319000	"@viaSimonRomero 1 kind of trouble from the #BayOfGarbage is the expected mutation of enzyme expression within #ZikaVirus host the mosquitoes"	"Sat Apr 30 15:49:08 CEST 2016"	"viaSimonRomero"	122792963	726396548263846000	"Rio's garbage-infested bay: Worse than ever? [photo by M√°rcia Foletto/O Globo] https://t.co/y4vy3IYijb"
"#zikavirus"	"KristineQ930"	275697166	726400561831141000	"@ThePatriot143 @glennbeck OMG LMAO #LyingTed #HillaryForPrison #CrookedHillary #Infowars #ZikaVirus looks like to me. #StopTheSteal"	"Sat Apr 30 15:19:24 CEST 2016"	"ThePatriot143"	3022045469	726394730335097000	"The End is Near: @glennbeck Attacks Bowl of Cheetos‚Äîto ‚ÄòLook Like‚Äô Trump https://t.co/H4IGwdeFOU https://t.co/f4Cul7hdaA"
"#zikavirus"	"psael"	20275809	726354564274881000	"@ABC üî≥ ""Nazis planned to use malaria-infected mosquitoes as biological weapons."" via @M3t4_tr0n #ZikaVirus https://t.co/SpuSNNfuIT"	"Sat Apr 30 12:16:37 CEST 2016"	"ABC"	28785486	726302728331350000	"At least 426 people diagnosed with Zika in the U.S. since outbreak began, CDC says. https://t.co/1muqs1ULUj https://t.co/YbMDY3vddy"
"#zikavirus"	"psael"	20275809	726354537959817000	"@nytimes üî≥ ""Nazis planned to use malaria-infected mosquitoes as biological weapons."" via @M3t4_tr0n #ZikaVirus https://t.co/SpuSNNfuIT"	"Sat Apr 30 12:16:31 CEST 2016"	"nytimes"	807095	726346473059799000	"First U.S. death tied to Zika virus is reported https://t.co/aLBcaScSzO"
"#zikavirus"	"haylnoh"	2963168651	726325717382795000	"@kristenpear try having lived in South America. I told my brother not to expect any nieces. Just. Ever. #ZikaVirus"	"Sat Apr 30 10:22:00 CEST 2016"	"kristenpear"	765091718	726069477842940000	"Got a few mosquito bites. So if you're wondering when I'll be getting pregnant again, five after never."
"#zikavirus"	"SarahGi00782242"	718957124	726288668827238000	"@HillaryClinton @tedcruz @JohnKasich @BernieSanders @realDonaldTrump @CarlyFiorina Get That Funding On Board For #ZikaVirus ASAP @GOP"	"Sat Apr 30 07:54:47 CEST 2016"	"SarahGi00782242"	718957124	726284156808892000	"Your Boy Again @HillaryClinton @tedcruz @JohnKasich @BernieSanders @realDonaldTrump @CarlyFiorina So House just voted to give #WallStreet"
"#zikavirus"	"SarahGi00782242"	718957124	726284156808892000	"Your Boy Again @HillaryClinton @tedcruz @JohnKasich @BernieSanders @realDonaldTrump @CarlyFiorina So House just voted to give #WallStreet"	"Sat Apr 30 07:36:51 CEST 2016"	"SarahGi00782242"	718957124	726280986749735000	"#ADayInHistoryWithMe & My Family @HillaryClinton @tedcruz @JohnKasich @BernieSanders @realDonaldTrump @CarlyFiorina <=Get 2 Work Now  @30HF"
"#zikavirus"	"SarahGi00782242"	718957124	726280986749735000	"#ADayInHistoryWithMe & My Family @HillaryClinton @tedcruz @JohnKasich @BernieSanders @realDonaldTrump @CarlyFiorina <=Get 2 Work Now  @30HF"	"Sat Apr 30 07:24:15 CEST 2016"	"SarahGi00782242"	718957124	726276644244181000	"@HillaryClinton @tedcruz @JohnKasich @BernieSanders @realDonaldTrump @CarlyFiorina Mrs. Sarah L. Gibson Group Leader Ohio  @30HF Stop Hunger"
"#zikavirus"	"SarahGi00782242"	718957124	726276644244181000	"@HillaryClinton @tedcruz @JohnKasich @BernieSanders @realDonaldTrump @CarlyFiorina Mrs. Sarah L. Gibson Group Leader Ohio  @30HF Stop Hunger"	"Sat Apr 30 07:07:00 CEST 2016"	"SarahGi00782242"	718957124	726276062825599000	"@HillaryClinton @tedcruz @JohnKasich @BernieSanders @realDonaldTrump @CarlyFiorina So Make This Very Clear #WeThePeople Want You On It Now"
"#zikavirus"	"SarahGi00782242"	718957124	726276062825599000	"@HillaryClinton @tedcruz @JohnKasich @BernieSanders @realDonaldTrump @CarlyFiorina So Make This Very Clear #WeThePeople Want You On It Now"	"Sat Apr 30 07:04:41 CEST 2016"	"SarahGi00782242"	718957124	726275820998779000	"@HillaryClinton @tedcruz @JohnKasich @BernieSanders @realDonaldTrump @CarlyFiorina Because The Truth Is Have Don't Like Being On It Shamed"
"#zikavirus"	"SarahGi00782242"	718957124	726275820998779000	"@HillaryClinton @tedcruz @JohnKasich @BernieSanders @realDonaldTrump @CarlyFiorina Because The Truth Is Have Don't Like Being On It Shamed"	"Sat Apr 30 07:03:43 CEST 2016"	"SarahGi00782242"	718957124	726274598254289000	"@HillaryClinton @tedcruz @JohnKasich @BernieSanders @realDonaldTrump @CarlyFiorina They Can't Pay Bills Get Clothes Get Personals On Crumbs"
"#zikavirus"	"SarahGi00782242"	718957124	726274598254289000	"@HillaryClinton @tedcruz @JohnKasich @BernieSanders @realDonaldTrump @CarlyFiorina They Can't Pay Bills Get Clothes Get Personals On Crumbs"	"Sat Apr 30 06:58:52 CEST 2016"	"SarahGi00782242"	718957124	726274148415197000	"@HillaryClinton @tedcruz @JohnKasich @BernieSanders @realDonaldTrump @CarlyFiorina But You Said Go Get A Job Right Were's The Money Wage's"
"#zikavirus"	"SarahGi00782242"	718957124	726274148415197000	"@HillaryClinton @tedcruz @JohnKasich @BernieSanders @realDonaldTrump @CarlyFiorina But You Said Go Get A Job Right Were's The Money Wage's"	"Sat Apr 30 06:57:05 CEST 2016"	"SarahGi00782242"	718957124	726273895431586000	"@HillaryClinton @tedcruz @JohnKasich @BernieSanders @realDonaldTrump @CarlyFiorina Can You Go To A Interview With No Clothes & Funky No"
"#zikavirus"	"SarahGi00782242"	718957124	726273895431586000	"@HillaryClinton @tedcruz @JohnKasich @BernieSanders @realDonaldTrump @CarlyFiorina Can You Go To A Interview With No Clothes & Funky No"	"Sat Apr 30 06:56:04 CEST 2016"	"SarahGi00782242"	718957124	726273453075096000	"@HillaryClinton @tedcruz @JohnKasich @BernieSanders @realDonaldTrump @CarlyFiorina Had To Choose Between The Rent Electric Or Eat No Clothes"
"#zikavirus"	"SarahGi00782242"	718957124	726273453075096000	"@HillaryClinton @tedcruz @JohnKasich @BernieSanders @realDonaldTrump @CarlyFiorina Had To Choose Between The Rent Electric Or Eat No Clothes"	"Sat Apr 30 06:54:19 CEST 2016"	"SarahGi00782242"	718957124	726273209541267000	"@HillaryClinton @tedcruz @JohnKasich @BernieSanders @realDonaldTrump @CarlyFiorina When Have The Last Time Your Families When Hungry? Never"
"#zikavirus"	"SarahGi00782242"	718957124	726273209541267000	"@HillaryClinton @tedcruz @JohnKasich @BernieSanders @realDonaldTrump @CarlyFiorina When Have The Last Time Your Families When Hungry? Never"	"Sat Apr 30 06:53:21 CEST 2016"	"SarahGi00782242"	718957124	726272847912509000	"@HillaryClinton @tedcruz @JohnKasich @BernieSanders @realDonaldTrump @CarlyFiorina When It Comes To Their Real World You Don't Fit In It"
"#zikavirus"	"SarahGi00782242"	718957124	726272847912509000	"@HillaryClinton @tedcruz @JohnKasich @BernieSanders @realDonaldTrump @CarlyFiorina When It Comes To Their Real World You Don't Fit In It"	"Sat Apr 30 06:51:55 CEST 2016"	"SarahGi00782242"	718957124	726272542466556000	"@HillaryClinton @tedcruz @JohnKasich @BernieSanders @realDonaldTrump @CarlyFiorina All Ur #SuperDelegates In The World Don't Feed The Hungry"
"#zikavirus"	"SarahGi00782242"	718957124	726272542466556000	"@HillaryClinton @tedcruz @JohnKasich @BernieSanders @realDonaldTrump @CarlyFiorina All Ur #SuperDelegates In The World Don't Feed The Hungry"	"Sat Apr 30 06:50:42 CEST 2016"	"SarahGi00782242"	718957124	726272048662765000	"@HillaryClinton @tedcruz @JohnKasich @BernieSanders @realDonaldTrump @CarlyFiorina Something Else 2 Just Play #LipService Over 4 $$$ &Others"
"#zikavirus"	"SarahGi00782242"	718957124	726272048662765000	"@HillaryClinton @tedcruz @JohnKasich @BernieSanders @realDonaldTrump @CarlyFiorina Something Else 2 Just Play #LipService Over 4 $$$ &Others"	"Sat Apr 30 06:48:44 CEST 2016"	"SarahGi00782242"	718957124	726271573716558000	"@HillaryClinton @tedcruz @JohnKasich @BernieSanders @realDonaldTrump @CarlyFiorina If Poverty Stricken Can't Vote What Have You Won Greed ?"
"#zikavirus"	"SarahGi00782242"	718957124	726271573716558000	"@HillaryClinton @tedcruz @JohnKasich @BernieSanders @realDonaldTrump @CarlyFiorina If Poverty Stricken Can't Vote What Have You Won Greed ?"	"Sat Apr 30 06:46:51 CEST 2016"	"SarahGi00782242"	718957124	726265400980287000	"@HillaryClinton @tedcruz @JohnKasich @BernieSanders @realDonaldTrump @CarlyFiorina  #Medicare But can afford loopholes4 greedy #panamapapers"
"#zikavirus"	"SarahGi00782242"	718957124	726265400980287000	"@HillaryClinton @tedcruz @JohnKasich @BernieSanders @realDonaldTrump @CarlyFiorina  #Medicare But can afford loopholes4 greedy #panamapapers"	"Sat Apr 30 06:22:19 CEST 2016"	"SarahGi00782242"	718957124	726264884858605000	"@HillaryClinton @tedcruz @JohnKasich @BernieSanders @realDonaldTrump @CarlyFiorina U can't afford #foodstamps #welfare #ed #SocialSecurity"
"#zikavirus"	"SarahGi00782242"	718957124	726264884858605000	"@HillaryClinton @tedcruz @JohnKasich @BernieSanders @realDonaldTrump @CarlyFiorina U can't afford #foodstamps #welfare #ed #SocialSecurity"	"Sat Apr 30 06:20:16 CEST 2016"	"SarahGi00782242"	718957124	726262788008632000	"@HillaryClinton @tedcruz @JohnKasich @BernieSanders @realDonaldTrump @CarlyFiorina Then If U Can't Dammit Incomes In All 50States Get Raised"
"#zikavirus"	"SarahGi00782242"	718957124	726262788008632000	"@HillaryClinton @tedcruz @JohnKasich @BernieSanders @realDonaldTrump @CarlyFiorina Then If U Can't Dammit Incomes In All 50States Get Raised"	"Sat Apr 30 06:11:56 CEST 2016"	"SarahGi00782242"	718957124	726261911470363000	"@HillaryClinton @tedcruz @JohnKasich @BernieSanders @realDonaldTrump @CarlyFiorina Who Here Has Guts 2 Try My #LivingWageChallenge 4 One yr?"
"#zikavirus"	"SarahGi00782242"	718957124	726261911470363000	"@HillaryClinton @tedcruz @JohnKasich @BernieSanders @realDonaldTrump @CarlyFiorina Who Here Has Guts 2 Try My #LivingWageChallenge 4 One yr?"	"Sat Apr 30 06:08:27 CEST 2016"	"SarahGi00782242"	718957124	726261423899337000	"@HillaryClinton @tedcruz @JohnKasich @BernieSanders @realDonaldTrump @CarlyFiorina I Want To Know Are You Willing To Put Your Money To Test?"
"#zikavirus"	"SarahGi00782242"	718957124	726261423899337000	"@HillaryClinton @tedcruz @JohnKasich @BernieSanders @realDonaldTrump @CarlyFiorina I Want To Know Are You Willing To Put Your Money To Test?"	"Sat Apr 30 06:06:31 CEST 2016"	"SarahGi00782242"	718957124	726261132231627000	"@HillaryClinton @tedcruz @JohnKasich @BernieSanders @realDonaldTrump @CarlyFiorina Some Peoples Rent's Higher Than Living Wage & Can't Do It"
"#zikavirus"	"SarahGi00782242"	718957124	726261132231627000	"@HillaryClinton @tedcruz @JohnKasich @BernieSanders @realDonaldTrump @CarlyFiorina Some Peoples Rent's Higher Than Living Wage & Can't Do It"	"Sat Apr 30 06:05:21 CEST 2016"	"SarahGi00782242"	718957124	726260505204109000	"@HillaryClinton @tedcruz @JohnKasich @BernieSanders @realDonaldTrump @CarlyFiorina This Country Doesn't Need Lip Service They Need Results"
"#zikavirus"	"SarahGi00782242"	718957124	726260505204109000	"@HillaryClinton @tedcruz @JohnKasich @BernieSanders @realDonaldTrump @CarlyFiorina This Country Doesn't Need Lip Service They Need Results"	"Sat Apr 30 06:02:52 CEST 2016"	"SarahGi00782242"	718957124	726260152765129000	"@HillaryClinton @tedcruz @JohnKasich @BernieSanders @realDonaldTrump @CarlyFiorina Can You Pay Rent Bills Buy Clothes Personals & Eat On It"
"#zikavirus"	"SarahGi00782242"	718957124	726260152765129000	"@HillaryClinton @tedcruz @JohnKasich @BernieSanders @realDonaldTrump @CarlyFiorina Can You Pay Rent Bills Buy Clothes Personals & Eat On It"	"Sat Apr 30 06:01:28 CEST 2016"	"SarahGi00782242"	718957124	726259729572463000	"@HillaryClinton @tedcruz @JohnKasich @BernieSanders @realDonaldTrump @CarlyFiorina Then Tell #WeThePeople Could You Make It On That #WageGap"
"#zikavirus"	"SarahGi00782242"	718957124	726259729572463000	"@HillaryClinton @tedcruz @JohnKasich @BernieSanders @realDonaldTrump @CarlyFiorina Then Tell #WeThePeople Could You Make It On That #WageGap"	"Sat Apr 30 05:59:47 CEST 2016"	"SarahGi00782242"	718957124	726259342165610000	"@HillaryClinton @tedcruz @JohnKasich @BernieSanders @realDonaldTrump @CarlyFiorina Try My #LivingWageChallenge 4 One Year Tell #WeThePeople"
"#zikavirus"	"SarahGi00782242"	718957124	726259342165610000	"@HillaryClinton @tedcruz @JohnKasich @BernieSanders @realDonaldTrump @CarlyFiorina Try My #LivingWageChallenge 4 One Year Tell #WeThePeople"	"Sat Apr 30 05:58:15 CEST 2016"	"SarahGi00782242"	718957124	726258486045237000	"#DemPrimary #GOPPrimary #DemDebate vs #GOPDebate #LivingWageChallenge Live On #SSI #ADC #SS #FoodStamps  A Year Freeze All Your Money Try It"
"#zikavirus"	"SarahGi00782242"	718957124	726258486045237000	"#DemPrimary #GOPPrimary #DemDebate vs #GOPDebate #LivingWageChallenge Live On #SSI #ADC #SS #FoodStamps  A Year Freeze All Your Money Try It"	"Sat Apr 30 05:54:50 CEST 2016"	"SarahGi00782242"	718957124	726245498496115000	"I'll Tell You Lies State,Local, Federally Your Left To Fin For Yourselves Sniffing Out Their Dirt Stuck In The Middle #DemDebate #GOPDebate"
"#zikavirus"	"SarahGi00782242"	718957124	726245498496115000	"I'll Tell You Lies State,Local, Federally Your Left To Fin For Yourselves Sniffing Out Their Dirt Stuck In The Middle #DemDebate #GOPDebate"	"Sat Apr 30 05:03:14 CEST 2016"	"SarahGi00782242"	718957124	726243848377229000	"When Front Runners Come Through The Front Door For Your Votes & Run Through The Backdoor & Collect The Donations What Do #WeThePeople Get ?"
"#zikavirus"	"SarahGi00782242"	718957124	726243848377229000	"When Front Runners Come Through The Front Door For Your Votes & Run Through The Backdoor & Collect The Donations What Do #WeThePeople Get ?"	"Sat Apr 30 04:56:41 CEST 2016"	"SarahGi00782242"	718957124	726239813016363000	"Yea Babe Let‚Äôs Play #DemPrimary vs #DemDebate #Bernie2016 vs Establishment Pure Election Fraud=> #Hillary2016 #Media‚Ä¶https://t.co/KWx2BjUXPR"
"#zikavirus"	"camilleguaty"	24627132	726275946760659000	"@AgileTwit @united just doing what they can to make people buy tix go to the olympics regardless of #ZikaVirus"	"Sat Apr 30 07:04:13 CEST 2016"	"AgileTwit"	710113825786372000	726235825512571000	"@camilleguaty sorry @united that ad is just out there.  I don't get it."
"#zikavirus"	"AgileTwit"	710113825786372000	726235825512571000	"@camilleguaty sorry @united that ad is just out there.  I don't get it."	"Sat Apr 30 04:24:48 CEST 2016"	"camilleguaty"	24627132	726093462206997000	"U should b reminding us of #ZikaVirus & how u WONT refund $ pregnant or not! Glad u have a conscience #microcephaly  https://t.co/PxKk0clbNo"
"#zikavirus"	"mariorestrada71"	457234326	726267131503899000	"@AP @MSavarese @YouTube #rio will be ready.  The question is whether  people will stay away in fear of #ZikaVirus"	"Sat Apr 30 06:29:12 CEST 2016"	"AP"	51241574	726184343035589000	"Rio Olympics: Venues completed, but are they ready? @AP‚Äôs @MSavarese explains the worries. https://t.co/gYiYAqwKgN"
"#zikavirus"	"Truthfulurge"	4926845297	726266475741323000	"@Lily6991 @MattWalshBlog uhm most likely #ZikaVirus .."	"Sat Apr 30 06:26:35 CEST 2016"	"Lily6991"	4527332595	726082575882674000	"@MattWalshBlog aw. Why is the gentleman in the wheelchair so tiny?"
"#zikavirus"	"Lily6991"	4527332595	726082575882674000	"@MattWalshBlog aw. Why is the gentleman in the wheelchair so tiny?"	"Fri Apr 29 18:15:50 CEST 2016"	"MattWalshBlog"	1500129642	726070549873590000	"I feel very oppressed by this sign https://t.co/aGinNTPK6a"
"#zikavirus"	"lvmuscfrevr"	37876132	726238571909141000	"@camilleguaty @D_Lombardozzi @Anth3aG @united I'm confused what does United have to do with the #ZikaVirus as I see this tweet RTed"	"Sat Apr 30 04:35:43 CEST 2016"	"camilleguaty"	24627132	726230786148471000	"@Anth3aG @united they need to realize they're playing with people's lives! How can you not refund after seeing this! https://t.co/X2SeUjcYCd"
"#zikavirus"	"camilleguaty"	24627132	726230786148471000	"@Anth3aG @united they need to realize they're playing with people's lives! How can you not refund after seeing this! https://t.co/X2SeUjcYCd"	"Sat Apr 30 04:04:46 CEST 2016"	"Anth3aG"	23576644	726229437683896000	"Wow. This is absolutely unacceptable @united. You make money out the wazoo & could care less about people's health üòí https://t.co/kycoHybH9w"
"#zikavirus"	"belcher_jr"	1241691530	726235001310876000	"Try swatting the critters with a fly swatter @Quora @HillaryClinton #dumbasses #ZikaVirus #OhHillNo"	"Sat Apr 30 04:21:31 CEST 2016"	"Quora"	33696409	726083815811084000	"Presidential candidate @HillaryClinton: How can we stop the spread of the Zika virus? https://t.co/DnIKokn10X https://t.co/q5ZAZnU9b9"
"#zikavirus"	"markgerz"	34488191	726227728832193000	"‚Äú@philredcross: What is #ZikaVirus? #Zika https://t.co/uwXqzPrTF7‚Äù"	"Sat Apr 30 03:52:37 CEST 2016"	"philredcross"	32391821	726224172515361000	"What is #ZikaVirus? #Zika https://t.co/pb8Bai9w7g"
"#zikavirus"	"philredcross"	32391821	726224172515361000	"What is #ZikaVirus? #Zika https://t.co/pb8Bai9w7g"	"Sat Apr 30 03:38:29 CEST 2016"	"philredcross"	32391821	726223797083197000	"Garin confirmed that there have been previous cases of Zika virus infections in the country https://t.co/3RByB76DAV #Zika #ZikaVirus"
"#zikavirus"	"camilleguaty"	24627132	726220558535250000	"@pierceforgov @people @united yes! And warn people before travel or give them their money back!! #ZikaVirus"	"Sat Apr 30 03:24:08 CEST 2016"	"pierceforgov"	1957372652	726147088552063000	"@people Spray."
"#zikavirus"	"pierceforgov"	1957372652	726147088552063000	"@people Spray."	"Fri Apr 29 22:32:11 CEST 2016"	"people"	25589776	726144057345466000	"U.S. reports first Zika-related death in Puerto Rico‚Äîplus NASA predicts potential spread https://t.co/G3SHKcIouB https://t.co/gs9iLxg65Y"
"#zikavirus"	"camilleguaty"	24627132	726220386954699000	"@y_llego_papa @people @united they care more about $$ than people's lives. #ZikaVirus"	"Sat Apr 30 03:23:27 CEST 2016"	"y_llego_papa"	1329790926	726152732005032000	"@people the death was on February and today the announced it, are they hiding something else?"
"#zikavirus"	"y_llego_papa"	1329790926	726152732005032000	"@people the death was on February and today the announced it, are they hiding something else?"	"Fri Apr 29 22:54:37 CEST 2016"	"people"	25589776	726144057345466000	"U.S. reports first Zika-related death in Puerto Rico‚Äîplus NASA predicts potential spread https://t.co/G3SHKcIouB https://t.co/gs9iLxg65Y"
"#zikavirus"	"Arislugger"	1255700810	726212988668137000	"@djjc911 @packers the toolbags in yellow and green capable of pudding is off even in the offseason. I hope Lambeau has the #ZikaVirus"	"Sat Apr 30 02:54:03 CEST 2016"	"djjc911"	275363593	726211351652258000	"The @packers trade up to take a stud tackle from IU. @Arislugger likes this. #GoPackGo"
"#zikavirus"	"pcjm08"	701999378	726206828120437000	"@Backstorymom1 Yes they are! They're makin DAMN SURE women will not have access to an abortion should their zygote be infected w #ZikaVirus"	"Sat Apr 30 02:29:34 CEST 2016"	"Backstorymom1"	1422241538	726152764703818000	"Republicans are doing nothing regarding #ZikaVirus is a travesty... https://t.co/0otPaojRl2"
"#zikavirus"	"zikavirusmap"	4863999994	726192596532486000	"@greggutfeld @Sapphire80129 BREAKING!!!!!!  #ZikaVirus US Zika Virus patient has died today https://t.co/ZvgCe5cMgR ‚Ä¶"	"Sat Apr 30 01:33:01 CEST 2016"	"greggutfeld"	28628850	726189696062218000	"if this is your opponent, advertise its ugliness. https://t.co/d84CvDzENL"
"#zikavirus"	"zikavirusmap"	4863999994	726192465653408000	"@SenatorRonbo @Lewis2chet #ZikaVirus  Zika Virus patient has died today https://t.co/ZvgCe5cMgR ‚Ä¶"	"Sat Apr 30 01:32:30 CEST 2016"	"SenatorRonbo"	27897429	726190520628875000	"It's true:  We MUST stand ready to move in if they try to screw the people's choice. https://t.co/hQMmBEN3wo"
"#zikavirus"	"zikavirusmap"	4863999994	726192430488380000	"@peddoc63 @KatGonzales5 #ZikaVirus US Zika Virus patient has died today https://t.co/ZvgCe5cMgR ‚Ä¶"	"Sat Apr 30 01:32:22 CEST 2016"	"peddoc63"	1379288282	726182191030522000	"Trump brags about being endorsed by tough guyüëâüèΩTyson.  Fiorina: I don't consider a convicted rapist a tough guyüëèüèΩüëèüèΩ https://t.co/ahx4gBjG8L"
"#zikavirus"	"zikavirusmap"	4863999994	726192320144630000	"@ChrisLoesch #ZikaVirus US Zika Virus patient has died today https://t.co/ZvgCe5cMgR"	"Sat Apr 30 01:31:55 CEST 2016"	"ChrisLoesch"	491461409	726178043664831000	"Indiana and California will go big for Cruz! New poll finds Cruz with double-digit lead in Indiana https://t.co/JmsQSfHKL6"
"#zikavirus"	"zikavirusmap"	4863999994	726192269318083000	"@MachPierogi #ZikaVirus US Zika Virus patient has died today https://t.co/ZvgCe5cMgR ‚Ä¶"	"Sat Apr 30 01:31:43 CEST 2016"	"MachPierogi"	4020301643	726191967454007000	"Indiana, lets end this!  AMERICANS MUST STICK TOGETHER!  VOTE TRUMP LET'S WIN! https://t.co/uq5vffV9BT"
"#zikavirus"	"zikavirusmap"	4863999994	726191888391393000	"@RogerJStoneJr #ZikaVirus  Zika Virus patient has died today https://t.co/ZvgCe5cMgR ‚Ä¶"	"Sat Apr 30 01:30:12 CEST 2016"	"RogerJStoneJr"	47253057	726182750710055000	"Puh-leez- no one has ""demeaned"" women like @HillaryClinton @wolfblitzer #CNN https://t.co/YGNSH03nZY"
"#zikavirus"	"zikavirusmap"	4863999994	726191727900549000	"@kimguilfoyle @oreillyfactor @LisWiehl @FoxNews #ZikaVirus US Zika Virus patient has died today https://t.co/ZvgCe5cMgR ‚Ä¶"	"Sat Apr 30 01:29:34 CEST 2016"	"kimguilfoyle"	25101996	726173629642363000	"Don‚Äôt miss #IsItLegal tonight on @oreillyfactor! We‚Äôll talk #SanBernardino arrests and more.. @LisWiehl @FoxNews"
"#zikavirus"	"zikavirusmap"	4863999994	726191672128885000	"@Always_Trump @cauzenyattagirl #ZikaVirus  Zika Virus patient has died today https://t.co/ZvgCe5cMgR ‚Ä¶"	"Sat Apr 30 01:29:21 CEST 2016"	"Always_Trump"	710990834972234000	726176784253739000	"After breaking 60% in northeastern states, I think we've finally found # #Trump's ceiling! #Trump2016 #TrumpTrain https://t.co/9epTWLsptL"
"#zikavirus"	"zikavirusmap"	4863999994	726191628642357000	"@RobManess @DrMartyFox #ZikaVirus US Zika Virus patient has died today https://t.co/ZvgCe5cMgR ‚Ä¶"	"Sat Apr 30 01:29:10 CEST 2016"	"RobManess"	1360615250	726150088381239000	"America need's a lot more John Wayne and a lot less Bernie Sanders"
"#zikavirus"	"zikavirusmap"	4863999994	726191193038672000	"@JoLissa13 #ZikaVirus US Zika Virus patient has died today https://t.co/ZvgCe5cMgR"	"Sat Apr 30 01:27:27 CEST 2016"	"JoLissa13"	1679970553	726189893051806000	"You sound like a Closet Clinton-ite!  https://t.co/axPyLFJEVd"
"#zikavirus"	"zikavirusmap"	4863999994	726191118870807000	"@manbeck57 #ZikaVirus US Zika Virus patient has died today https://t.co/ZvgCe5cMgR ‚Ä¶"	"Sat Apr 30 01:27:09 CEST 2016"	"manbeck57"	3005393969	726189945489072000	
"#zikavirus"	"zikavirusmap"	4863999994	726191074255999000	"@shelliecorreia #ZikaVirus US Zika Virus patient has died today https://t.co/ZvgCe5cMgR ‚Ä¶"	"Sat Apr 30 01:26:58 CEST 2016"	"shelliecorreia"	369029151	726189957774193000	"He deserves a promotion! https://t.co/3vcBvhX2M2"
"#zikavirus"	"zikavirusmap"	4863999994	726191052965700000	"@AllenWest @StevenBaldwin13 #ZikaVirus  Zika Virus patient has died today https://t.co/ZvgCe5cMgR ‚Ä¶"	"Sat Apr 30 01:26:53 CEST 2016"	"AllenWest"	237403203	726189578206384000	"JUST IN: New GAME-CHANGING poll from Indiana‚Ä¶ https://t.co/tHFnbLQlHM https://t.co/8GfxtZjWOy"
"#zikavirus"	"zikavirusmap"	4863999994	726190965774504000	"@TiffNagelMonroe @TateMonroeArts #ZikaVirus US Zika Virus patient has died today https://t.co/ZvgCe5cMgR ‚Ä¶"	"Sat Apr 30 01:26:32 CEST 2016"	"TiffNagelMonroe"	20818429	726187916796416000	"I am clergy. My husband is not. #womancard #clergywomen #notgoingtohell"
"#zikavirus"	"zikavirusmap"	4863999994	726190694646321000	"@switzer513 #ZikaVirus US Zika Virus patient has died today https://t.co/ZvgCe5cMgR ‚Ä¶"	"Sat Apr 30 01:25:28 CEST 2016"	"switzer513"	184500617	726190159310381000	"Not in Indiana for the Cruz /Gov endorsement. But B. Knight ----Yuuuuuggggggeeeeeeee !!!! https://t.co/aR7uKFuAPI"
"#zikavirus"	"zikavirusmap"	4863999994	726190536202281000	"@anthonyaumiller #ZikaVirus US Zika Virus patient has died today https://t.co/ZvgCe5cMgR ‚Ä¶"	"Sat Apr 30 01:24:50 CEST 2016"	"anthonyaumiller"	18034481	726190324503159000	"Take $20 off $100 at Gander Mountain through tomorrow (4/30) Click for Coupon! #Entry - https://t.co/QzXF1slK2I https://t.co/Mk6uPwIoMs"
"#zikavirus"	"zikavirusmap"	4863999994	726190503759384000	"@cbone4969 #ZikaVirus US Zika Virus patient has died today https://t.co/ZvgCe5cMgR"	"Sat Apr 30 01:24:42 CEST 2016"	"cbone4969"	1023383480	726190326482915000	"I hate the cowboys"
"#zikavirus"	"zikavirusmap"	4863999994	726190457085133000	"@redletter99 @003a04f8c2054b7 #ZikaVirus US Zika Virus patient has died today https://t.co/ZvgCe5cMgR ‚Ä¶"	"Sat Apr 30 01:24:31 CEST 2016"	"redletter99"	392783363	726189146738426000	"#Indianapolis #Indiana https://t.co/tv74M0RoeH"
"#zikavirus"	"1ZenWoman"	22927050	726188938398835000	"@CBSNews why send athletes to #2016  Brazil #Olympics where there are thousands of #ZikaVirus cases? Yet spending Millions in US prevention?"	"Sat Apr 30 01:18:29 CEST 2016"	"CBSNews"	15012486	726169443047510000	"U.S. territory of Puerto Rico reports first death linked to the Zika virus https://t.co/df9qzwej1b https://t.co/NQfFvQjkcM"
"#zikavirus"	"BugologistLarry"	4776716069	726187592086110000	"@browntiger29 thanks for the heads up...it was only a matter of time before we got a confirmed case in SC. #smarterpestcontrol #ZikaVirus"	"Sat Apr 30 01:13:08 CEST 2016"	"browntiger29"	976946568	726180036265439000	"@BugologistLarry  https://t.co/ElG1WlR5pL"
"#zikavirus"	"fraowe"	4861988838	726177456059642000	"@tedcruz - why won't you support federal funding for research of #ZikaVirus?  @FoxNews #IndianaPrimary #NoCruz"	"Sat Apr 30 00:32:51 CEST 2016"	"FoxNews"	1367531	726176125597016000	"Zika risk forecast. #SpecialReport https://t.co/TJ8Nygb1q6"
"#zikavirus"	"ouyangmx"	2547299371	726162511163085000	"@cnni This summer it seems important not to let mosquitos get into homes, particularly to protect young kids from bites. #ZikaVirus"	"Fri Apr 29 23:33:28 CEST 2016"	"cnni"	2097571	726160017607549000	"The first U.S. #ZikaVirus death was reported in Puerto Rico, CDC says https://t.co/MKYkB9j2JO https://t.co/h40lSKIll1"
"#zikavirus"	"das_got_it"	123959556	726160093021110000	"Lol RT @CNN: The first U.S. #ZikaVirus death was reported in Puerto Rico, CDC says https://t.co/pBqG9NLnPk https://t.co/GwaNeM7nPs"	"Fri Apr 29 23:23:52 CEST 2016"	"CNN"	759251	726160017339077000	"The first U.S. #ZikaVirus death was reported in Puerto Rico, CDC says https://t.co/QS86wzIOBD https://t.co/piygZiOASj"
"#zikavirus"	"titidehym"	17871863	726104153467007000	"@NewsBreaksLive  Doctors & health providers leaving the island, hospitals in turmoil, now a #ZikaVirus death. USA continues to looks away."	"Fri Apr 29 19:41:35 CEST 2016"	"NewsBreaksLive"	2998455941	726098143243305000	"First US #Zika #death reported in #PuertoRico... https://t.co/c5HqfAPbwR"
"#zikavirus"	"MsLatina"	23998156	726096407573180000	".@cdallesandro it's so scary, isn't it? #ZikaVirus #Zika"	"Fri Apr 29 19:10:48 CEST 2016"	"cdallesandro"	22053612	726073738643526000	"Oh no https://t.co/dhy1EsbNKz"
"#zikavirus"	"charlesbioview"	4304457977	726091228140413000	"@lorashahine @Cosmopolitan great guidance on keeping #ZikaVirus  free #pregnancyscare"	"Fri Apr 29 18:50:13 CEST 2016"	"lorashahine"	2884042637	726070175783489000	"#Zika in America #Pregnancy Tips - How to Avoid Zika When Pregnant #ZikaVirus  https://t.co/Os8X9h0yrT"
"#zikavirus"	"CaptainAlex8"	3353176449	726055786863010000	".@Britni_Rose @cnnbrk Headline to come: Scientist #punk South Korean #Olympic team. Athletes succumb to #ZikaVirus. Eggheads revenge."	"Fri Apr 29 16:29:23 CEST 2016"	"Britni_Rose"	24611956	726054784273359000	"@CaptainAlex8 @cnnbrk yeah, ""Zika-resistant"", Aka... Clothes? üòÇ"
"#zikavirus"	"Britni_Rose"	24611956	726054784273359000	"@CaptainAlex8 @cnnbrk yeah, ""Zika-resistant"", Aka... Clothes? üòÇ"	"Fri Apr 29 16:25:24 CEST 2016"	"CaptainAlex8"	3353176449	726051431120310000	".@cnnbrk I'm not a smart man but I know stupid when I see it. #Zika resistant? Please. https://t.co/2hamWEBESi"
"#zikavirus"	"CaptainAlex8"	3353176449	726051431120310000	".@cnnbrk I'm not a smart man but I know stupid when I see it. #Zika resistant? Please. https://t.co/2hamWEBESi"	"Fri Apr 29 16:12:05 CEST 2016"	"cnnbrk"	428333	726049549597303000	"South Korea unveils a Zika-resistant uniform for the Rio 2016 Olympics. https://t.co/YAwgINW8Bb https://t.co/3LIo1qKlA0"
"#zikavirus"	"MohgaKamalYanni"	190731015	726043652896768000	"@stefaniei Will women have the right to access safe abortion in the context of #ZikaVirus"	"Fri Apr 29 15:41:10 CEST 2016"	"stefaniei"	212278192	726043406238102000	"Important and poignant story about the challenge of caring for Zika-affected babies. https://t.co/mEoZjpYXMR https://t.co/X2s6Nt1ZtZ"
"#zikavirus"	"spiny_starfish"	343748868	726029893851595000	"@GMOInside He's just making money off  them no matter what Nobel Prize winning scientists have been saying about then for years. #ZikaVirus"	"Fri Apr 29 14:46:30 CEST 2016"	"GMOInside"	916303212	725867283596362000	"The world‚Äôs wealthiest man wants #Africa to embrace genetically engineered foods or #GMOs. https://t.co/1aSwyZ4voI https://t.co/n47w5ksWr1"
"#zikavirus"	"sweetj0130"	149748244	726020630441767000	"Someone bite by the zika could be a asymptomatic. #zikavirus causes encephalopathy, brain defects, vision impairments, hearing impairments.."	"Fri Apr 29 14:09:41 CEST 2016"	"sweetj0130"	149748244	726018966032908000	"1 of the mosquitos that are capable of carrying the #zika virus, found in Bristol county, but the zikavirus itself has not been found here."
"#zikavirus"	"sweetj0130"	149748244	726019621002838000	"The only way those mosquitos could get the zika is if they bite someone w the #zikavirus. So if you have the virus stay home. #zikaawareness"	"Fri Apr 29 14:05:41 CEST 2016"	"sweetj0130"	149748244	726018966032908000	"1 of the mosquitos that are capable of carrying the #zika virus, found in Bristol county, but the zikavirus itself has not been found here."
"#zikavirus"	"JPogubila"	1072386960	725978599325585000	"ok never mind maybe the #ZikaVirus was created in a lab by accident..I just heard 2 min after my tweet.no way that's true. #tinfoil #nwo"	"Fri Apr 29 11:22:40 CEST 2016"	"JPogubila"	1072386960	725978134881952000	"if the #ZikaVirus was a #NWO #conspiracy then the virus was let out to scare women from having babies for population control. #tinfoil"
"#zikavirus"	"drhazmi_6"	121719663	725964949013553000	"To which extent that can relate to the clinical findings of #ZikaVirus"	"Fri Apr 29 10:28:26 CEST 2016"	"drhazmi_6"	121719663	725963813594497000	"#pt ""Our results suggest that pre-existing DENV immunity will enhance ZIKV infection in vivo and may increase disease severity"" #ZikaVirus"
"#zikavirus"	"drhazmi_6"	121719663	725963813594497000	"#pt ""Our results suggest that pre-existing DENV immunity will enhance ZIKV infection in vivo and may increase disease severity"" #ZikaVirus"	"Fri Apr 29 10:23:55 CEST 2016"	"drhazmi_6"	121719663	725961475467137000	"Lab findings hint that dengue antibodies intensify Zika infection https://t.co/hZkGRM7gfT  It's bizarre and worth reading #Zika"
"#zikavirus"	"belcher_jr"	1241691530	725860874087363000	"Typical @TheDemocrats response ..... throw (waste) taxpayer money at #ZikaVirus when a fly swatter will suffice @HillaryClinton @PattyMurray"	"Fri Apr 29 03:34:52 CEST 2016"	"HillaryClinton"	1339835893	725804331522515000	"Couldn't agree more, @PattyMurray. It's time for Republicans to address this threat: https://t.co/KjmWMDOgDl -H https://t.co/NTkJrVvMql"
"#zikavirus"	"JustaFan18"	496557454	725832436895113000	"@HillaryClinton @sherrilee7 @PattyMurray But #republicans don't tend to address real #issues. Sad to say #ZikaVirus"	"Fri Apr 29 01:41:52 CEST 2016"	"HillaryClinton"	1339835893	725804331522515000	"Couldn't agree more, @PattyMurray. It's time for Republicans to address this threat: https://t.co/KjmWMDOgDl -H https://t.co/NTkJrVvMql"
"#zikavirus"	"F5th"	282834747	725804042840998000	".@LizSzabo  @USATODAY added your #ZikaVirus report to this: https://t.co/VaDufa57Cp https://t.co/4y5mFtipxy"	"Thu Apr 28 23:49:03 CEST 2016"	"LizSzabo"	48110818	725801895957242000	"Update: Zika outbreak in Puerto Rico grows to 570 people, endangers pregnant women https://t.co/Z0ryGtB0Cf via @usatoday"
"#zikavirus"	"ElComelon305"	949815134	725758443118809000	"@TDBank_US yea so you can get the #ZikaVirus or die from their polluted #water No Thanks!"	"Thu Apr 28 20:47:51 CEST 2016"	"TDBank_US"	67378997	719596219899769000	"You could WIN a Rio 2016 Olympic Games trip from Visa! NoPurNec18+US/CANRes Ends 4/30 Rules: https://t.co/JLXY1KYl7L https://t.co/1E3vrVgFYx"
"#zikavirus"	"pcjm08"	701999378	725751037110456000	"@SenatorReid @Spg11Shawn they're too busy making sure abortion is NOT available to a woman carrying a fetus affect by #ZikaVirus ..."	"Thu Apr 28 20:18:25 CEST 2016"	"SenatorReid"	16789970	725692818468049000	"Maybe Republicans should ask the Zika-carrying mosquitoes not to breed this summer since it‚Äôs the last year of a two-term Presidency."
"#zikavirus"	"PattyMurray"	293131808	725715226113507000	"Women and families at home and abroad need Congress to take action. #ZikaVirus"	"Thu Apr 28 17:56:07 CEST 2016"	"PattyMurray"	293131808	725714689490084000	"I am hearing from expecting mothers who are concerned about what this virus could mean for babies they have on the way. -Murray #ZikaVirus"
"#zikavirus"	"PattyMurray"	293131808	725714689490084000	"I am hearing from expecting mothers who are concerned about what this virus could mean for babies they have on the way. -Murray #ZikaVirus"	"Thu Apr 28 17:53:59 CEST 2016"	"PattyMurray"	293131808	725714440818151000	"‚ÄúI am hearing from women across my state about this frightening virus. They want to know how to travel safely in light of #Zika -Murray"
"#zikavirus"	"wattsa_matta"	2362892479	725714801230389000	"maybe #ZikaVirus wouldnt be if #DNC #globalists @SenateDems @SenSchumer @SenatorBarb @PattyMurray secured #border ? https://t.co/U3kRbD5SOz"	"Thu Apr 28 17:54:26 CEST 2016"	"SenateDems"	73238146	725678357216637000	".@SenatorBarb Warns Zika Is About To Get Real: ‚ÄòThe Mosquitoes Are Coming‚Äô https://t.co/gSrFMH1PvF"
"#zikavirus"	"Ken_Alabama"	331756025	725707065793085000	"@SenRubioPress @marcorubio The #Media created a candidate f/itself this  #Election while failing to cover the #ZikaVirus threat. My opinion."	"Thu Apr 28 17:23:42 CEST 2016"	"SenRubioPress"	229966028	725108407749980000	".@MarcoRubio Reiterates Need For #Congress To Address Growing #Zika Threat https://t.co/DnX8sqSkU1"
"#zikavirus"	"desifoxx"	38036708	725704527266103000	".@SenateDems  @JohnCornyn @HoustonChron per @CDCgov US cases of #ZikaVirus at 388 & 500 in US territories. @TheDemocrats funneling $$$ here!"	"Thu Apr 28 17:13:36 CEST 2016"	"SenateDems"	73238146	725703803320865000	"It's not a ""blank check."" It's a $1.9 billion request to fight Zika, @JohnCornyn. (cc: @HoustonChron) https://t.co/TQoePCMWkX"
"#zikavirus"	"PattyMurray"	293131808	725700757266268000	"This issue is too important to get held up in Republicans infighting. -Murray #ZikaVirus"	"Thu Apr 28 16:58:38 CEST 2016"	"PattyMurray"	293131808	725698782978036000	"The #ZikaVirus shouldn‚Äôt be controversial‚Äîand w/ women & children‚Äôs health & wellbeing on the line‚Äîit shouldn‚Äôt be a place for partisanship."
"#zikavirus"	"wattsa_matta"	2362892479	725699588686897000	"@PattyMurray maybe #ZikaVirus wouldnt be issue if #globalists #pattymurray #potus #HillaryClinton secured #border ? https://t.co/U3kRbD5SOz"	"Thu Apr 28 16:53:59 CEST 2016"	"PattyMurray"	293131808	725697224634687000	"NOW: Murray on the Senate floor to push Republicans for action on #ZikaVirus https://t.co/gLC0xsNsif"
"#zikavirus"	"PattyMurray"	293131808	725698202398155000	"The #ZikaVirus is a public health emergency & there's no reason for the delay we‚Äôve seen from Republicans in addressing it."	"Thu Apr 28 16:48:28 CEST 2016"	"PattyMurray"	293131808	725697688977703000	"Murray: There are already nearly 900 cases of the #ZikaVirus in the US & the 3 territories, including 2 confirmed cases in Washington state."
"#zikavirus"	"Xaron4"	21326757	725697288031494000	"@DSenFloor  #GOP #Congress in #obstruction mode, even on #ZikaVirus.  #DoYourJob @JohnCornyn (R-TX) @SenateGOP @SenateMajLdr"	"Thu Apr 28 16:44:50 CEST 2016"	"DSenFloor"	729177876	725694346419429000	"Senator Reid asked consent to vote on the $1.9 billion emergency request to respond to Zika.  Sen. Cornyn (R-TX) objected."
"#zikavirus"	"CinSmith1"	777059101	725697151548842000	"@SenatorReid SECURE U.S. BORDERS: STOP ILLEGALS ALIENS FROM BRING & SPREADING DISEASES to U.S. like #ZikaVirus ,TB, measels etc!"	"Thu Apr 28 16:44:18 CEST 2016"	"SenatorReid"	16789970	725692818468049000	"Maybe Republicans should ask the Zika-carrying mosquitoes not to breed this summer since it‚Äôs the last year of a two-term Presidency."
"#zikavirus"	"BestboroWaptist"	725644169734152000	725658682340553000	"@WBCJon Forget the #ZikaVirus, Thank God for Falafel. Delicious stuff. Also, if your speaking to him, will you thank God for 3in1's too?"	"Thu Apr 28 14:11:26 CEST 2016"	"WBCJon"	83472452	725657936039551000	"Thank God for #ZikaVirus New Map Finds 2 Billion People At Risk of Zika Virus https://t.co/OMCNqXHPuR https://t.co/Rc74vlSEuM"
"#zikavirus"	"miraioritekita"	2539035872	725650250447245000	"CNN  the potential spread of the ‚óØ‚óØ virus  Thank you very much.  @CNN @NASA #Zika #ZikaVirus"	"Thu Apr 28 13:37:56 CEST 2016"	"CNN"	759251	725452836184707000	".@NASA has created a map showing the potential spread of the Zika virus in the U.S. https://t.co/27CoznrKFS https://t.co/LDfrN9dBRc"
"#zikavirus"	"InBayCountry"	399726770	725480384285184000	"Thank you for this post @MdAgDept @Maryland_News @MDNewsFeed @MDHorseRadio   #ZikaVirus"	"Thu Apr 28 02:22:57 CEST 2016"	"MdAgDept"	80113196	725474834541601000	"We have audio/visual PSAs about Zika Awareness for you at https://t.co/roVjp0UKD3 @Maryland_News @MDNewsFeed @MDHorseRadio"
"#zikavirus"	"Kali4niadazed"	448291650	725461125563748000	"@FlaDems I wonder what REPUBLICANS will do when one of their own is bite by the #ZIKAVIRUS? They will have access to all they need #ABORTION"	"Thu Apr 28 01:06:25 CEST 2016"	"FlaDems"	76027332	725460774726951000	"‚ÄúRepublican inaction leaves us more susceptible to this serious public health emergency"" https://t.co/44ftRDKtFF https://t.co/39tav6T3L9"
"#zikavirus"	"ilhamabuljadaye"	432466499	725460894277374000	"@MackayIM I am trying to fit data with a co factor ??!! Even in this scenario #ZikaVirus may remain a bystander??!"	"Thu Apr 28 01:05:30 CEST 2016"	"MackayIM"	1352962327	725460039272538000	"Why would you even say that! It will become dogma now. Noooo! https://t.co/jQowOASyQj"
"#zikavirus"	"ilhamabuljadaye"	432466499	725458589029143000	"@MackayIM do you think mannitol in diet soft drink might playing a role in allowing #ZikaVirus traversing blood brain barrier ?!!"	"Thu Apr 28 00:56:20 CEST 2016"	"MackayIM"	1352962327	725453469453193000	"Anther example of #Zika virus in #CSF in the absence of concurrent #dengue or #chikungunya virus presence. https://t.co/3PseERqoDU"
"#zikavirus"	"superzusgw"	25226777	725454152923488000	"@StateDept @TeamUSA @EmbaixadaEUA @TravelGov why wd u send ur athletes to a failing state w contaminated water, #ZikaVirus outbreak?"	"Thu Apr 28 00:38:43 CEST 2016"	"StateDept"	9624742	725452711341244000	"Ready to cheer on @TeamUSA at Rio 2016? #USinRio campaign will help you prepare for travel. https://t.co/cYQ607qb5A https://t.co/rh5tizddkn"
"#zikavirus"	"WKnabe"	482923531	725443818443645000	"@rosadelauro I think the number of tweets you have sent about the #zikavirus far outnumber the number of victims of the #zikavirus."	"Wed Apr 27 23:57:39 CEST 2016"	"rosadelauro"	140519774	725429797795582000	"We're less than 100 days out from the #Olympics. We have to act now to protect our athletes from the #ZikaVirus. https://t.co/uK87nhl1Tu"
"#zikavirus"	"StupidBoomers"	187059363	725430061319348000	"@neurosurgery @LizSzabo Obama hard at work on the #ZikaVirus : Golfing, Bad Mouthing US, Blaming the Crusades Vacationing & more Golf Bayern"	"Wed Apr 27 23:02:59 CEST 2016"	"neurosurgery"	461301890	725429655713534000	"MT @LizSzabo: Are cities/counties ready for Zika? No one is keeping track. https://t.co/iLE955eMlK #ZikaVirus"
"#zikavirus"	"NationHealing"	2562816018	725420883691508000	"@Surgeon_General Hopefully we get a #ZikaVirus #vaccine soon."	"Wed Apr 27 22:26:30 CEST 2016"	"Surgeon_General"	455024343	725418020840047000	"Vaccines are safe & effective. They prevent disease for you & protect those who cannot be vaccinated. https://t.co/WQAd1okHRZ #VaccinesWork"
"#zikavirus"	"alpagueurbe"	1432573375	725403892662591000	"@trenceby @ClevelandClinic People do not need Cleveland clinic to read Jon Rappoport work and expand their mind..#autism #ZikaVirus"	"Wed Apr 27 21:19:00 CEST 2016"	"trenceby"	4805437522	725280441415164000	"@alpagueurbe @ClevelandClinic Ooh, a video on Youtube. That proves everything! Not sure what's worse, your ignorance or your gullibility."
"#zikavirus"	"trenceby"	4805437522	725280441415164000	"@alpagueurbe @ClevelandClinic Ooh, a video on Youtube. That proves everything! Not sure what's worse, your ignorance or your gullibility."	"Wed Apr 27 13:08:26 CEST 2016"	"alpagueurbe"	1432573375	725066549065843000	"@ClevelandClinic @trenceby Vaccine Cause autism. All Autism do not come from vaccines. CDC Fraud Vaccine Autism Link https://t.co/4M11tQFZM9"
"#zikavirus"	"alpagueurbe"	1432573375	725066549065843000	"@ClevelandClinic @trenceby Vaccine Cause autism. All Autism do not come from vaccines. CDC Fraud Vaccine Autism Link https://t.co/4M11tQFZM9"	"Tue Apr 26 22:58:31 CEST 2016"	"ClevelandClinic"	24236494	724009981494751000	"Vaccines do not cause autism."
"#zikavirus"	"sarim0t0"	196271860	725386376166949000	"@CSNNE The US Mens rowing team practicing for @Rio2016_en #DrugResistantSuperBactetia & #ZikaVirus https://t.co/lTOZttjtn8"	"Wed Apr 27 20:09:23 CEST 2016"	"CSNNE"	20019950	725384177848177000	"#RoadToRio is down to 100 days. Can you guess the No. 1 story ""to watch"" in Brazil. Hint. He‚Äôs back! https://t.co/Id0VbFjV6E"
"#zikavirus"	"ImTiff_Errific"	56869329	725385009750774000	"‚Äú@digitaljournal: There are now more than 91,000 cases of #ZikaVirus in Brazil https://t.co/CFj9xLqWdd‚Äù"	"Wed Apr 27 20:03:57 CEST 2016"	"digitaljournal"	15135567	725384146026000000	"There are now more than 91,000 cases of #ZikaVirus in Brazil https://t.co/U9FUG9jT7l"
"#zikavirus"	"DarkNetwerk"	2907312337	725364861941735000	"@JustinTrudeau You mean @TeamCanada is taking the fight against #ZikaVirus to the source at #Rio2016. DDT & mosquito netting are friends."	"Wed Apr 27 18:43:54 CEST 2016"	"JustinTrudeau"	14260960	725360346085601000	"Canadian athletes take their own brand of home-field advantage to #Rio2016: #IceInTheirVeins. Go #TeamCanada! https://t.co/fTTjDsNF3i"
"#zikavirus"	"ajwottrich"	286348171	725352637235757000	"@PressSec @marcylauren #ZikaVirus. Now Congress wont vote on something that could save lives!  All because they hate the President."	"Wed Apr 27 17:55:19 CEST 2016"	"PressSec"	113420831	725342833796739000	"After 2 months and 48 hearings, the Congressional Republicans have no excuse for failing to act on #Zika. https://t.co/IHdvHlq4Kj"
"#zikavirus"	"mariadestrella"	3326054230	725318588844888000	"@ABCWorldNews this is not good for travelers. #Zika #ZikaVirus"	"Wed Apr 27 15:40:02 CEST 2016"	"ABCWorldNews"	86141342	725303767604843000	"WHO: Warming weather throughout Europe could mean Zika virus will spread at greater rate https://t.co/xx6qTyI6ZO https://t.co/VxP0iJ5kdE"
"#zikavirus"	"Ajidsok"	393706495	725315295016001000	"@CMichaelGibson ""#ZikaVirus Cropping Up? Prayers & Hope For Effective Vaccine. A Confidence That Scientists Will Deliver With Supports@#WHO"""	"Wed Apr 27 15:26:56 CEST 2016"	"CMichaelGibson"	879161563	725300771969978000	"Use this tracker to see how #Zika is cropping up across #Florida https://t.co/Zi13V5b5Sm https://t.co/0i7RYTcWIB"
"#zikavirus"	"redleader57"	15811626	725306308858135000	"@ToddJClausen @DandC They'd better be mosquito resistant. #ZikaVirus"	"Wed Apr 27 14:51:14 CEST 2016"	"ToddJClausen"	40927935	725285108186493000	"Check this out: Hickey Freeman to make apparel for '16 Olympics https://t.co/X5ikntLhrA"
"#zikavirus"	"MomAgainstMedia"	579019262	725304948959883000	".@Forbes Why @BarackObama not give $1.9BIL for #norovirus instead of #ZikaVirus which only has 588 cases? Cuz no abortions for #norovirus!"	"Wed Apr 27 14:45:50 CEST 2016"	"Forbes"	91478624	725298702357795000	"Norovirus causes 700 million disease cases, 200,000 deaths and costs $60 billion each year https://t.co/YtY2oWYqlJ https://t.co/z59gpR3wdA"
"#zikavirus"	"accesskim"	115671876	725304250956321000	"@MSNBC 100s hours @realDonaldTrump insulting presidential candidates 2 hour on threat of #ZikaVirus and less on #congress ignoring $ 2 fight"	"Wed Apr 27 14:43:03 CEST 2016"	"MSNBC"	2836421	725297280731996000	"Congress struggles to get a deal to pay for Zika virus defense: https://t.co/MCgfZHRsOg (Photo: Nacho Doce/Reuters) https://t.co/iUZBagmmI8"
"#zikavirus"	"RandyRuss12"	2730562832	725291357946925000	"@kare11 The 1000 yard dash away from a #ZikaVirus infected mosquito! #RioOlympics2016"	"Wed Apr 27 13:51:49 CEST 2016"	"kare11"	13001192	725266002037080000	"What's your favorite Summer Olympic sport?"
"#zikavirus"	"SirBenKenobi"	4920220572	725270079277949000	"@Bridie_OD The flip side of not going to #RioOlympics2016 is that you won't catch #ZikaVirus or be mugged like I was the first night there."	"Wed Apr 27 12:27:16 CEST 2016"	"Bridie_OD"	21464595	725269522328908000	"let's face it: if you've been selected for #Rio2016 you think the process is fair & if you haven't you're deemed to be bitter & inadequate"
"#zikavirus"	"TimPeebles"	1257756930	725268749553639000	"@IndySport @Independent  Olympics should be cancelled or relocated  #zikaVirus"	"Wed Apr 27 12:21:59 CEST 2016"	"IndySport"	16996182	725265221762339000	"Revealed! This is what Team GB will wear at the Rio Olympics  https://t.co/ocvzIbIo6V #RioOlympics2016 https://t.co/hGBzg6Kx89"
"#zikavirus"	"mazfarsaeed"	16384172	725177075326280000	"@jimmyfallon @chelseahandler @EricBana67 @TheDangelo joke about #ZikaVirus was in bad taste..very #INSENSITIVE"	"Wed Apr 27 06:17:42 CEST 2016"	"jimmyfallon"	15485441	724954984098501000	"Tonight: @chelseahandler, @EricBana67, and a super special Prince tribute from @TheDangelo with special guests! #FallonTonight"
"#zikavirus"	"vaper_the"	4072442294	725130873050403000	"@fatcatvapor @DrFriedenCDC Seems CDC ads are having an effect.   .. Maybe you should use that money for #ZikaVirus. https://t.co/ICIf2HrIDG"	"Wed Apr 27 03:14:07 CEST 2016"	"fatcatvapor"	2474898180	725125610419290000	"@DrFriedenCDC The way CDC misleads + outright lies on this issue, + uses tax $'s to do it, directly flirts w criminality. #Accountability"
"#zikavirus"	"fatcatvapor"	2474898180	725125610419290000	"@DrFriedenCDC The way CDC misleads + outright lies on this issue, + uses tax $'s to do it, directly flirts w criminality. #Accountability"	"Wed Apr 27 02:53:12 CEST 2016"	"DrFriedenCDC"	426909329	724973905119724000	"Most e-cigarettes contain nicotine, which is addictive & may harm brain development in youth https://t.co/Xo2R4Vwno5 https://t.co/OrtsohrhAV"
"#zikavirus"	"naenae82575"	223755685	725079619276169000	"@McConnellPress @WLKY #DoYourJob and fund research for #ZikaVirus before you run out of town again!"	"Tue Apr 26 23:50:27 CEST 2016"	"McConnellPress"	339822881	725077326929777000	
"#zikavirus"	"ProfDrAMarty"	2322897690	725058298634998000	"Thank You @Imm05M #ZikaVirus though easily transmitted via bites of infected mosquito does NOT NEED #mosquito for transmission!"	"Tue Apr 26 22:25:43 CEST 2016"	"ProfDrAMarty"	2322897690	724777212956696000	
"#zikavirus"	"HealthcareNag"	721266057822876000	725045487347372000	"People with #ZikaVirus disease can have symptoms that can include mild fever, skin rash,conjunctivitis,muscle & joint pain, or headache."	"Tue Apr 26 21:34:49 CEST 2016"	"HealthcareNag"	721266057822876000	725044986388054000	
"#zikavirus"	"cd_roe"	1651557463	725039620895859000	"@andersen @TheAtlantic Heck yea! After hearing how #easy it is for #mosquito 's that carry the #ZikaVirus to survive:("	"Tue Apr 26 21:11:30 CEST 2016"	"andersen"	15359205	7250362075629690	
