rt,50
w,41
great,41
…,40
#voteleave,34
today,32
’,30
good,27
london,25
#leadersdebate,25
eu,25
uk,24
back,23
#inorout,21
@borisjohnson,21
vote,21
@zacgoldsmith,20
foreign,20
folks,18
day,18
fantastic,18
mili,17
labour,17
​,16
people,16
#syria,16
country,15
earlier,15
britain,15
plan,15
#ukraine,14
right,14
meeting,14
morning,14
#bbcqt,14
support,14
security,14
us,13
miliband,13
talks,13
@conservatives,13
meet,13
gove,13
@vote_leave,12
visit,12
#justnotuptoit,12
one,12
council,11
get,11
friend,11
khan,11
minister,11
campaigning,11
brilliant,11
city,11
need,10
control,10
time,10
£,10
years,10
would,10
greater,10
make,10
–,9
action,9
thanks,9
first,9
positive,9
mp,9
londoners,9
ed,9
see,9
troops,9
next,9
tonight,9
stop,8
uxbridge,8
join,8
strong,8
here's,8
come,8
go,8
counterpart,8
want,8
mtg,8
pm,8
streets,8
case,8
future,8
thoughts,7
#daesh,7
mayor,7
snp,7
#turkey,7
keep,7
new,7
immigration,7
transport,7
cameron,7
conservative,7
record,7
don't,7
https,7
even,7
everyone,7
wrong,7
last,7
1/2,7
...,7
sadiq,7
welcome,7
brexit,7
days,6
take,6
@jeanmarcayrault,6
europe,6
jobs,6
national,6
#uk,6
he's,6
final,6
can't,6
v,6
party,6
@david_cameron,6
http,6
homes,6
appalling,6
vital,6
cracking,6
much,6
@foreignoffice,6
huge,6
zac,6
street,6
south,6
#libya,6
well,6
dave,6
leave,6
cut,6
michael,6
attack,6
victims,6
working,6
forward,6
2/2,6
#yemen,5
fm,5
events,5
honoured,5
saddened,5
won't,5
evening,5
conflict,5
response,5
leader,5
policy,5
sign,5
condemn,5
it's,5
excellent,5
beautiful,5
freer,5
going,5
gover,5
tax,5
park,5
family,5
campaign,5
remember,5
together,5
let's,5
business,5
cooperation,5
discussed,5
left,5
proud,5
live,5
relations,5
#unga,5
also,5
tories,5
local,5
happy,5
spot,5
#backzac2016,5
many,5
5,5
looking,5
ever,5
life,4
help,4
hope,4
believe,4
british,4
may,4
@un,4
part,4
service,4
setting,4
offer,4
lives,4
hours,4
hall,4
says,4
dementia,4
high,4
must,4
hear,4
ceasefire,4
supporting,4
hard,4
made,4
ruislip,4
man,4
pleasure,4
end,4
shocked,4
secretary,4
thursday,4
thank,4
talking,4
pleased,4
news,4
use,4
i'm,4
polls,4
watch,4
best,4
spoke,4
june,4
nhs,4
totally,4
htt,4
democracy,4
candidate,4
ahead,4
chance,4
debate,4
leadership,4
reform,4
done,4
corbyn,4
defence,4
productive,4
let,4
progress,4
protect,4
without,4
change,4
economy,4
discuss,4
syria,4
lectern,4
regional,4
condolences,4
voted,4
@backbarwell,4
week,4
caught,4
issues,4
elected,4
partners,4
turkey,4
counterparts,4
#unsc,4
@osce,4
delighted,4
govt,4
far,3
#boston,3
croydon,3
#eudebate,3
makes,3
deals,3
budget,3
launch,3
1st,3
pay,3
#un,3
warm,3
#munich,3
around,3
night,3
trade,3
finchley,3
absolutely,3
france,3
covered,3
justice,3
migration,3
numbers,3
following,3
10pm,3
#voteconservative,3
meetings,3
never,3
open,3
#steinmeier,3
held,3
past,3
greatest,3
especially,3
every,3
built,3
regime,3
way,3
@franceintheuk,3
president,3
boris,3
bank,3
team,3
respects,3
another,3
@paologentiloni,3
dead,3
important,3
staff,3
congratulations,3
sad,3
continue,3
needs,3
trail,3
underlined,3
#assad,3
#arnhem,3
terrorism,3
market,3
dr,3
euro,3
clear,3
voters,3
earth,3
nice,3
terrible,3
johnson,3
two,3
promise,3
inc,3
amazing,3
chaos,3
french,3
money,3
old,3
faisal,3
#koenders,3
tube,3
#somalia,3
#londonmayor2016,3
https://t.co…,3
#takecontrol,3
embassy,3
remarks,3
win,3
bring,3
meets,3
backing,3
tory,3
investment,3
#ge2015,3
green,3
grt,3
say,3
strike,3
@votejamesberry,3
agreed,3
start,3
job,3
stone,3
speech,3
vs,3
https://…,3
build,3
german,3
jo,3
l,3
nige,3
@ukun_newyork,3
secure,3
name,3
bravo,3
sir,3
remain,3
mike,3
conservatives,3
increase,3
2bn,3
forget,3
@germanydiplo,3
:/,3
#gymnich,3
@freer4fgg,3
video,3
opened,3
joint,3
23,3
spoken,3
challenges,3
wage,3
andrea,3
like,3
tomorrow,3
#globalbritain,3
@nadhimzahawi,3
latest,3
million,3
exit,3
golders,3
send,3
@marymacleod2015,3
situation,3
lead,3
brave,3
think,3
2/3,2
affairs,2
private,2
weapons,2
become,2
rules,2
@sadiqkhan,2
7,2
#nhs,2
questions,2
asked,2
royal,2
suffering,2
gave,2
kick,2
informal,2
hendon,2
land,2
lowestoft,2
reaction,2
updates,2
number,2
return,2
range,2
farage,2
soldier,2
#rio2016,2
ukraine,2
chemical,2
hosting,2
prime,2
political,2
#ballsup,2
enfield,2
answer,2
@metpoliceuk,2
uk-drafted,2
address,2
games,2
red,2
met,2
@juliebishopmp,2
king,2
really,2
@nickdebois,2
manifesto,2
principled,2
month,2
bilateral,2
enfold,2
#iraq,2
monitoring,2
deal,2
unknown,2
@alzsoclondon,2
majesty,2
@streetvelodrome,2
european,2
saying,2
yet,2
rebate,2
hosted,2
agenda,2
tomb,2
queen's,2
#russia,2
@hillingdon,2
referendum,2
pounding,2
blair,2
love,2
direct,2
costs,2
#eu,2
david,2
death,2
showed,2
flag,2
he'd,2
hit,2
stuff,2
coopération,2
@sebastiankurz,2
we'll,2
getting,2
fco,2
policies,2
work,2
supporters,2
ilford,2
sturgeon,2
stands,2
elsewhere,2
#aleppo,2
#irandeal,2
loss,2
continued,2
standard,2
agree,2
heard,2
matthew,2
50,2
might,2
west,2
afternoon,2
sovereignty,2
@pavloklimkin,2
opportunity,2
lose,2
half,2
brighter,2
polling,2
fight,2
tea,2
she's,2
concerned,2
#unga71,2
shock,2
drum,2
civil,2
zero,2
cannot,2
big,2
hour,2
@angiebray2015,2
passionate,2
3/3,2
@teamgb,2
#potsdam,2
@tania_mathias,2
visited,2
valley,2
#waszczykowski,2
#nigeria,2
full,2
former,2
#battlebus,2
confirmed,2
@hannahdavid_hw,2
efforts,2
leaders,2
weekend,2
included,2
top,2
friendship,2
ministers,2
battle,2
propped,2
thelma,2
easter,2
tonight's,2
@ukinnl,2
since,2
heave,2
@syrianhnc_en,2
harrow,2
countries,2
discussion,2
@scullyp,2
others,2
lee,2
bert,2
disaster,2
tune,2
acton,2
#voteukipgetmiliband,2
salmond,2
24th,2
incredibly,2
cont,2
gavin,2
announce,2
volunteers,2
ministerial,2
sector,2
side,2
@polandmfa,2
condolence,2
#esmayoral,2
notre,2
wreath,2
union,2
livingstone,2
#militripe,2
year,2
attended,2
democratic,2
aviation,2
lunch,2
moving,2
destroy,2
sur,2
#edstone,2
wonderful,2
raise,2
@lawrencelnt,2
car,2
north,2
et,2
#cameronincharge,2
served,2
quick,2
night's,2
valuable,2
network,2
please,2
#daw2016,2
demonstrate,2
across,2
#gibraltar,2
profound,2
promoting,2
prosperity,2
italy,2
fares,2
affected,2
colleagues,2
supports,2
1/3,2
chiswick,2
busy,2
level,2
tour,2
downing,2
congratulate,2
imagine,2
colne,2
#germany,2
miles,2
daesh,2
@ukinfrance,2
sunny,2
look,2
sound,2
pro,2
italian,2
stronger,2
@simonmarcus,2
major,2
wandsworth,2
@ukinaustria,2
shows,2
intl,2
energy,2
helping,2
sutton,2
#kyiv,2
save,2
civilians,2
including,2
australian,2
stitch,2
bash,2
friendly,2
welcomed,2
residents,2
de,2
nuclear,2
@patel4witham,2
retweet,2
threatens,2
pledge,2
britannique,2
black,2
hotel,2
congratulated,2
#warsaw,2
centre,2
@rhchelsea,2
resolution,2
@skynews,2
coming,2
lay,2
leaving,2
companies,2
nightmare,2
visions,2
independent,2
global,2
#austria,2
constituency,2
investigation,2
could,2
economists,2
ken,2
dc,2
deeply,2
protecting,2
offord,2
tell,2
amount,2
reception,2
taking,2
au,2
break,2
enjoyable,2
coalition,2
raised,2
point,2
advice,2
anniversary,2
close,2
@votebobblackman,2
away,2
hole,2
area,2
solidarity,2
#italyearthquake,2
media,2
opposition,2
waste,2
dynamic,2
reminder,2
holiday,2
humanitarian,2
deserve,2
@dutchmfa,2
commitment,2
que,2
libya,2
set,2
ban,2
theresa,2
site,2
stability,2
ki-moon,2
ongoing,2
louise,2
postal,2
rights,2
le,2
workers,2
wants,2
economic,2
eastern,2
garden,2
success,2
contracts,2
history,2
#aukmin2016,2
privilege,2
show,2
opening,2
24,2
talk,2
joining,2
fund,2
follow,2
higher,2
group,1
growing,1
eustice,1
@marisepayne,1
wider,1
ago,1
english,1
office,1
underline,1
chris,1
https://t.co/p4pz1hfuhb,1
fought,1
opportunities,1
@cwgc,1
#ukraine's,1
who's,1
#housing,1
successors,1
http://t.co/bgfp2z1tkx,1
polish,1
miliband's,1
j,1
https://t.co/bsw3htgred,1
tali,1
spend,1
boasts,1
counter,1
cars,1
spent,1
square,1
nothing,1
east,1
completely,1
attacked,1
nonsense,1
commie,1
becoming,1
negotiating,1
teddington,1
140,1
doubt,1
aid,1
throughout,1
dest,1
civilian,1
enjoyed,1
steel,1
https://t.co/frvl3dxmxb,1
https://t.co/nk3h…,1
increasingly,1
https://t.co/bi4zlzw2zq,1
https://t.co/jbgnoaqnjk,1
undying,1
importante,1
nicola,1
negotiations,1
douvres,1
surge,1
driving,1
@bombardier,1
@miroslavlajcak,1
sustained,1
https://t.co/ljmkfli7l2,1
#latvian,1
scorcher,1
https://t.co/rqb9cesp3l,1
http://t.co/taju5ztfhd,1
communicating,1
https://t.co/xwupefaiqu,1
growth,1
https://t.co/webnlqzhcs,1
slammed,1
strengthen,1
@itv,1
resolving,1
https://t.co/ii4fojzdms,1
heroes,1
hugely,1
cares,1
speeches,1
engaged,1
sacrifices,1
eat,1
falkland,1
towards,1
defensoribus,1
yemen,1
doctors,1
glimpse,1
https://t.co/ql8wenfxyq,1
deepest,1
easily,1
lengthen,1
represent,1
answers,1
pkk,1
release,1
differently,1
stand,1
spelling,1
uk-backed,1
respectfully,1
☺,1
#nobelpeaceprize,1
défense,1
amid,1
palazzo,1
2.3,1
judgement,1
sponsors,1
balls,1
minsk,1
pain,1
small,1
https://t.co/hgclyyvked,1
@chestercath,1
hooray,1
https://t.co/wdcyk0nmib,1
http://t.co/a1uzu7xpku,1
defences,1
advanced,1
https://t.co/8gjly6a4ay,1
worl,1
effect,1
https://t.co/wxoqlss1ki,1
dystopic,1
comes,1
https://t.co/u8dwakz2cu,1
#brussels,1
mr,1
growin,1
suffering.asad,1
we're,1
clarity,1
https://t.co/wwaqfapdle,1
concerns,1
aced,1
https://t.co/2pmo4go1k4,1
nous,1
denial,1
#dover,1
stumbling,1
https://t.co/5wyxrya4ty,1
bloke,1
faces,1
underway,1
footage,1
@william_wragg,1
avec,1
@louisemensch,1
https://t.co/lfcf9omxcp,1
diplomatie,1
i'd,1
#sameoldlabour,1
#ourocean's,1
vecchio,1
giving,1
cox,1
2nd,1
colleague,1
steelworkers,1
#bb,1
mid,1
massively,1
https://t.co/fyhlwktdee,1
@colne_valley,1
brings,1
havering,1
op,1
stint,1
slaughter,1
walks,1
integrity,1
https://t.co/ik1efvrnwb,1
sport,1
finland's,1
manuel,1
mi,1
post,1
creation,1
among,1
unquestionably,1
college,1
supplied,1
find,1
stunning,1
recovery,1
launched,1
earners,1
https://t.co/rtxaj4wdj3,1
brussels,1
@grahamevans,1
ldn,1
opp,1
frank-walter,1
zapped,1
deliver,1
truly,1
https://t.co/f3ticnefox,1
wish,1
#newyork,1
afraid,1
selfie,1
https://t.co/xcho21ks4p,1
https://t.co/h4s1h4rhii,1
freedom,1
fassnidge,1
https://t.co/36ywwzltr3,1
@vejonis,1
https://t.co/vfvdjqkhwd,1
outside,1
tehran,1
surbiton,1
i'll,1
swathe,1
heaven's,1
wanstead,1
faintly,1
http://t.co/dkwds5kz4b,1
#niceattack,1
war,1
sink,1
kong,1
leading,1
uk-poland,1
@16airassltbde,1
https://t.co/jnovauz6ql,1
affordable,1
https://t.co/g5dregcgn1,1
saudi,1
pressures,1
hello,1
whiff,1
@defenceu,1
https://t.co/tivk6zdvak,1
#france,1
resumption,1
ceremony,1
school,1
quo,1
#libye,1
lowest,1
value,1
1981,1
https://t.co/ttcgfehvvx,1
cheer,1
vale,1
rescue,1
convey,1
https://t.co/mudon3ruvs,1
shy,1
urgent,1
jamais,1
@richard4watford,1
difference,1
correct,1
hillingdon,1
http://t.co/5g4sfjequl,1
digital,1
subs,1
migrate,1
https://t.co/hgjzjcxbr7,1
https://t.co/ghq66pfzwz,1
troubled,1
vision,1
field,1
tells,1
germany,1
gratitude,1
hounslow,1
afford,1
ramsgate,1
@johnkerry,1
charter,1
@keithprince4gla,1
thks,1
income,1
blackhole,1
https://t.co/r5qkmubppz,1
flying,1
40,1
ambassador,1
peace,1
apology,1
devolution,1
wholly,1
approved,1
borrowing,1
beefy,1
hansen,1
non,1
feel,1
necessary,1
https://t.co/ibwponukck,1
@dcsgroupuk,1
@ukinitaly,1
https://t.co/msla98jzx4,1
@uksepsistrust,1
unbelievably,1
http://t.co/nig3xww2mg,1
breakfast,1
worked,1
hma,1
armed,1
http://t.co/gyks5zvs8y,1
https://t.co/j2ituhhzac,1
result,1
compromise,1
https://t.co/mfchyv61do,1
blank,1
https://t.co/dzwvbhnhib,1
@karren_brady,1
#iran,1
tuesday,1
https://t.co/wgcni8j34d,1
jubeir,1
mincemeat,1
@pennymordauntmp,1
supporter,1
https://t.co/wnkw4ioluj,1
malden,1
http://t.co/lkdlj8ps6q,1
unless,1
@hollywills,1
cox's,1
once-in-a-lifetime,1
express,1
threat,1
alex,1
briefing,1
authority,1
hq,1
impact,1
2017,1
https://t.co/jh3rpwtmqq,1
interesting,1
hammersmith,1
@ukinnewyork,1
torture,1
withdrawal,1
gardening,1
@antoniaromeouk,1
poll,1
ratchet,1
shabby,1
https://t.co/npwbi9hgt4,1
https://t.co/n9zxzgnznd,1
90th,1
edition,1
keys,1
prosper,1
https://t.co/qgfxilelpd,1
folk,1
app,1
immigrants,1
turkish,1
#nomoneyleft,1
labour's,1
letting,1
process,1
http://t.co/nndcghvhlg,1
@huffpostukpol,1
little,1
families,1
york,1
appeal,1
bus,1
maintain,1
lunchtime,1
taxes,1
usual,1
https://t.co/xv94vdwdjv,1
relation,1
fairness,1
patently,1
amongst,1
spending,1
rubble,1
homologue,1
sure,1
alan,1
climate,1
forging,1
frightening,1
legitimate,1
#siena,1
https://t.co/2vdbroiydf,1
@ipswichstar24,1
cover,1
tireless,1
safest,1
https://t.co/3u0d282cwh,1
intergenerational,1
wanted,1
http://t.co/d9xxxelez9,1
via,1
guard,1
brazil,1
plus,1
bhumibol,1
proving,1
called,1
reforms,1
nations,1
weaponised,1
http://t.co/ttsj1plxl0,1
https://t.co/lnjtvis7mh,1
quite,1
rock,1
debt,1
forming,1
lots,1
battersea,1
finland,1
https://t.co/7oh38t5zmm,1
waiting,1
sensible,1
cluster,1
tragic,1
fishermen,1
hm,1
firm,1
#milishambles,1
steady,1
chessington,1
simple,1
tomorrow's,1
enslavement,1
projects,1
entering,1
queen,1
g8,1
https://t.co/idxqczhufy,1
thanking,1
warrington,1
https://t.co/ekf77gi95u,1
https://t.co/xgfv9d6bb0,1
stage,1
better,1
luck,1
message,1
@stevehiltonx,1
https://t.co/fngudegpbp,1
committed,1
deliberately,1
nominations,1
https://t.co/d8st7g6ijs,1
à,1
crack,1
baker,1
clegger,1
boston-based,1
#ataturk,1
daw,1
download,1
senseless,1
cycling,1
governor,1
intercontinental,1
awareness,1
camp,1
optimistic,1
#northkorea,1
training,1
started,1
https://t.co/k9xxyw09bv,1
moses,1
pauses,1
superb,1
massive,1
responsible,1
@michelledonelan,1
oman's,1
murder,1
https://t.co/w…,1
seat,1
https://t.co/rt0phxyjuz,1
world,1
http://t.co/edeyvf7k1n,1
negative,1
soon,1
hogan-howe,1
put,1
oak,1
queues,1
owns,1
though,1
@peterwilson,1
violations,1
plant,1
ensuring,1
results,1
@stroud_neil,1
proper,1
https://t.co/fejpuwaufc,1
#eu2016sk,1
closely,1
. .,1
moment,1
fighting,1
stroud,1
https://t.co/dbmjtkdlit,1
175,1
matter,1
officials,1
israeli,1
representative,1
https://t.co/ghwxbestp1,1
diplomats,1
theatre,1
#colombia,1
http://t.co/j247im5fpp,1
call,1
space,1
australians,1
https://t.co/rjy1wjzm7c,1
lost,1
energise,1
gap,1
lecturing,1
accept,1
https://t.co/7vgi6rpadq,1
london's,1
kyi,1
politics,1
olympic,1
iraq,1
#london2012,1
remind,1
enticed,1
celebrated,1
unimaginable,1
paul,1
increased,1
vast,1
law,1
plans,1
#taxcuts,1
encouraged,1
tougher,1
paras,1
morgan,1
https://t.co/4hgrsszojm,1
https://t.co/5k3vji7l9e,1
sulphur,1
step,1
@rt_erdogan,1
ian,1
https://t.co/0ehxkvc5wt,1
uk-eu,1
https://t.co/l3eki6lgdk,1
boyle,1
whole,1
o2,1
tilt,1
prefer,1
verdict,1
empty,1
ties,1
https://t.co/iprk9uddz4,1
http://t.co/txcbzxhcyd,1
operation,1
misleads,1
demining,1
free,1
suggested,1
borders,1
campus,1
children,1
nearly,1
#sanaa,1
swift,1
decision,1
kennedy,1
https://t.co/gvffgoxxim,1
carry,1
yr,1
mh17,1
ops,1
ropes,1
http://t.co/nb1ranqprv,1
http://t.co/2uy8ibvtwt,1
https://t.co/wayxtaxjlu,1
rally,1
quittons,1
chippenham,1
reaffirmed,1
risks,1
mausoleum,1
net,1
speaking,1
restrictions,1
forces,1
hired,1
rape,1
unilateral,1
businesses,1
successor,1
maintai,1
ensure,1
paris,1
fat,1
charlie,1
whether,1
https://t.co/7a5c8xkhl1,1
weaver,1
https://t.co/3ankayhm2i,1
hazel,1
http://t.co/upycehi2z3,1
thinking,1
cafe,1
sanctions,1
sunday,1
soldiers,1
https://t.co/3ianpobbq6,1
covering,1
human,1
reflect,1
https://t.co/cl7dqus4vw,1
research,1
double,1
decrease,1
https://t.co/tj4kvfptts,1
cuts,1
host,1
undemocratic,1
earn,1
https://t.co/yzmjq54ghd,1
https://t.co/tdxewx3ydv,1
ealing,1
cites,1
partner,1
thailand,1
http://t.co/mckjn9irzl,1
access,1
1pm,1
actually,1
hosts,1
@expressandstar,1
refugee,1
http://t.co/mpyvgalso9,1
showing,1
three,1
ibrahim,1
stuck,1
comrade,1
smashing,1
sepsis,1
kind,1
http://t.co/2el9kc36qv,1
3,1
underestimate,1
regeneration,1
riyad,1
funding,1
favour,1
suu,1
felt,1
walkabout,1
wideranging,1
https://t.co/nlq9ehs9v9,1
juncker,1
alexandra,1
https://t.co/p7dhjyoweu,1
https://t.co/wvv07wrwgi,1
circle,1
sets,1
immediately,1
ue,1
repres,1
standing,1
#florence,1
based,1
#slovakia,1
https://t.co/h0tkx1ccyx,1
https://t.co/2juzxqgvgd,1
memories,1
https://t.co/hyxs0oddav,1
https://t.co/1fqehq7thz,1
choose,1
moments,1
bureaucrats,1
l'ue,1
#bratislava,1
https://t.co/uzseggm8rg,1
indiscriminate,1
isn't,1
turn,1
showcased,1
https://t.co/rkryrbwaz9,1
alone,1
doesn't,1
@hill_libraries,1
hand,1
@itvthismorning,1
https://t.co/nbj1xbpolx,1
@convent_gib,1
govern,1
role,1
violence,1
americans,1
funeral,1
washington,1
cent,1
areas,1
hypocrisy,1
globalised,1
got,1
réduire,1
marylebone,1
create,1
#asad's,1
https://t.co/yflika3ghe,1
ny's,1
turnout,1
nobel,1
shootings,1
@conhome,1
sessions,1
funded,1
unfolding,1
climax,1
https://t.co/abfnu1ikq5,1
fighter,1
story,1
rejected,1
today's,1
idrissov,1
https://t.co/paxzfhqozt,1
already,1
true,1
perfectly,1
islam,1
https://t.co/tme3ceum2s,1
sovereign,1
ease,1
putting,1
https://t.co/xmmpqorc8f,1
fess,1
http://t.co/lrvgmdex4c,1
dairy,1
economics,1
ending,1
catch,1
politicians,1
pass,1
elites,1
trac,1
#cities2020,1
http://t.co/amkzohsjzi,1
legislative,1
@michellemone,1
joined,1
they're,1
closed,1
cos,1
firsthand,1
begin,1
struggle,1
face,1
shimon,1
cabinet,1
cities,1
restoring,1
less,1
#italy,1
26,1
saving,1
improve,1
high-speed,1
delegation,1
forthcoming,1
https://t.co/wk2bmxsnxe,1
reminding,1
http://t.co/cbkargp7lv,1
scott,1
http://t.co/dfllcjskwc,1
he'll,1
#stpatricksday,1
g,1
https://t.co/gdvdmedera,1
managers,1
364,1
pays,1
banging,1
https://t.co/wdqxrtslfl,1
#pathtoequality,1
conference,1
atrocity,1
website,1
key,1
#gaziantep,1
bernard,1
housing,1
parisians,1
spells,1
72,1
experiment,1
#bbcdebate,1
date,1
http://t.co/g5catl8kry,1
conceited,1
ramp,1
memorial,1
gib,1
trapped,1
bafflement,1
de-mining,1
https://t.co/nnun2z3puh,1
fringe,1
leadsom,1
territorial,1
adulyadej,1
ac,1
@ukinboston,1
course,1
https://t.co/p2l2wzwzzp,1
constituents,1
l'europe,1
progressive,1
#somalie,1
700,1
place,1
https://t.co/p0bgtu4p0v,1
sterling,1
upgrade,1
told,1
wages,1
https://t.co/dnlv43kbqd,1
instinct,1
sounded,1
http://t.co/oz5yojwhdn,1
#us,1
https://t.co/buzm2250w0,1
spirit,1
comres,1
discover,1
unwavering,1
abetting,1
f-w,1
seeing,1
@andrealeadsom,1
legacy,1
personnel,1
providing,1
turke,1
elect,1
archaeologists,1
balanced,1
publicly,1
delivered,1
beach,1
http://t.co/7ebgwbjbqt,1
offering,1
mon,1
http://t.co/8ypdzyqxfi,1
later,1
bowed,1
ones,1
minimum,1
near,1
@chhcalling,1
enough,1
created,1
http://t.co/pn06wfpghk,1
https://t.co/h5rwfuwgff,1
line,1
independence,1
#saysorryed,1
lbc,1
officially,1
claim,1
plate,1
https://t.co/yhjowmhugq,1
preliminary,1
danny,1
grass,1
living,1
jo's,1
tapestry,1
clearer,1
http://t.co/k0tudathsk,1
@melvutcavusoglu,1
https://t.co/aqvbayofch,1
dedicated,1
crossrail,1
founder,1
incredible,1
literally,1
distillery,1
staying,1
@giselastuart,1
chaleureux,1
unanimously,1
jeremy,1
genuine,1
race,1
fair,1
https://t.co/vi3vgvwqdd,1
lavrov,1
2016,1
http://t.co/wbxhcmf08m,1
@timmclachlan1,1
allowing,1
mtgs,1
grip,1
@rylan,1
knew,1
robust,1
https://t.co/ltltjgflmp,1
https://t.co/qaf4bp4iuq,1
read,1
parties,1
contract,1
boom,1
celebrating,1
words,1
#cycle4sepsis,1
https://t.co/wspbn3omsv,1
http://t.co/c2ezirpysj,1
#kabul,1
picture,1
members,1
@skpres2016,1
d'orsay,1
wealth,1
#lavrov,1
overseas,1
massachusetts,1
la,1
https://t.co/tcbiapo1bh,1
signs,1
westminster,1
clip,1
jan,1
#stgeorgesday,1
#mh17,1
http://t.co/paq8qgf7f1,1
capability,1
belief,1
https://t.co/i9ausyawvf,1
#teamlondon,1
https://t.co/hthdqk7aqm,1
reasons,1
http://t.co/tl3loo0glf,1
@nicolablackwood,1
unfolded,1
i've,1
http://t.co/gmllpcg7m9,1
https://t.co/jvoglm13vx,1
ray,1
behalf,1
inspect,1
stratford,1
81,1
secretary-general,1
election,1
#cpc15,1
@change_britain,1
#holland,1
#springforum,1
paying,1
1997,1
conditions,1
asking,1
http://t.co/ldar9r8cpx,1
https://t.co/iaquvsncmv,1
modernising,1
islands,1
asset,1
100,1
props,1
@denysshortt,1
#australia,1
http://t.co/ohpoknj28x,1
https://t.co/0wtgvwhziz,1
chester,1
chat,1
lord,1
took,1
assembly,1
plugging,1
https://t.co/iuczv2vxef,1
await,1
outrageous,1
boe,1
http://t.co/g0yfgngfcl,1
http://t.co/awyydgpxtx,1
sachs,1
planned,1
#securetherecovery,1
attacks,1
prize,1
http://t.co/jwqhugbwla,1
http://t.co/phhlhpdg0g,1
goldman,1
e,1
doncaster,1
round,1
portobello,1
8bn,1
antónio,1
insurance,1
#marketgarden,1
sense,1
st,1
https://t.co/qjjgre0wc2,1
contributor,1
behold,1
humbly,1
gen,1
juddering,1
jez,1
marple,1
http://t.co/czytpqolbq,1
figure,1
bartered,1
eh,1
finally,1
sky,1
cats,1
reasonable,1
russian,1
rigby's,1
agreement,1
https://t.co/ukpmeotrft,1
reminded,1
essential,1
inflict,1
attempt,1
discussions,1
https://t.co/p6vupgaq1w,1
guterres,1
alhambra,1
#nice,1
#itveuref,1
convoy,1
signing,1
travail,1
http://t.co/dxwy0xjgii,1
per,1
https://t.co/yirflgd46d,1
loads,1
https://t.co/x3ymoxqagc,1
making,1
involved,1
1,1
ftt,1
@youtube,1
opens,1
grateful,1
nec,1
twittersphere,1
https://t.co/ow3cmlhpsa,1
mosque,1
implementation,1
https://t.co/jdidhth9jw,1
inspiring,1
@thehalotrust,1
territories,1
lengthening,1
alarming,1
@cmackinlay,1
@douglascarswell,1
norwich,1
13,1
where's,1
poor,1
hi,1
http://t.co/gi36rhsijh,1
natalie,1
current,1
https://t.co/kbeg2drpgr,1
monarch,1
http://t.co/xpet1cnqpg,1
protestors,1
@ukosce,1
mps,1
decide,1
cheek,1
#sevenseven,1
omani,1
pe,1
still,1
bang,1
#projecthope,1
capable,1
female,1
backed,1
arrived,1
facebook,1
building,1
http://t.co/yusivjzr5u,1
additional,1
cowardy,1
deprived,1
common,1
https://t.co/tpxbpnlw6m,1
corbynitis,1
understanding,1
https://t.co/zhkriuxcua,1
highly,1
bn,1
pointless,1
colombia,1
#syrie,1
lutte,1
leadsom's,1
massacre,1
whilst,1
https://t.co/x1v5c392am,1
@fabianpicardo,1
catchy,1
http://t.co/zzfl3lwhci,1
https://t.co/r9yw42tw4u,1
10bn,1
world-leading,1
honestly,1
tasked,1
http://t.co/xvuqx4hpc8,1
corbynistas,1
peaceful,1
sage,1
endlessly,1
updated,1
traders,1
potential,1
jean-claude,1
https://t.co/nh5qfc5fwd,1
islamic,1
republic,1
addiscombe,1
something,1
#battlebustour,1
wishing,1
biz,1
#vienna,1
announced,1
@janeellison,1
https://t.co/ubziuwio2k,1
taken,1
pace,1
https://t.co/bk95gmstqf,1
prepared,1
natural,1
@pgpuk_genomes,1
clicking,1
al-jaafari,1
http://t.co/dchkjebzyw,1
teams,1
@gopleader,1
links,1
said,1
sorrow,1
test,1
strength,1
daily,1
2012,1
#businessletter,1
winners,1
proudly,1
official,1
movie,1
#tooting,1
visits,1
improvements,1
custard,1
chief,1
commercial,1
heavier,1
https://t.co/wttminfytd,1
difficult,1
#brexit,1
https://t.co/syaf57bfcz,1
protected,1
prelude,1
80s,1
protects,1
un,1
kazakh,1
improved,1
garcia,1
simply,1
borrowed,1
beyond,1
margarets,1
cast,1
apprenticeships,1
int,1
apprentices,1
fear,1
extravaganza,1
statement,1
continues,1
promised,1
yorkshire,1
pas,1
farewell,1
give,1
health,1
lovely,1
effects,1
http://t.co/aqskgfzwsz,1
leadenhall,1
crime,1
strict,1
capacity,1
england,1
loved,1
10,1
privatisation,1
telegraph,1
pride,1
#eshustings,1
strikes,1
floundering,1
government,1
heavenly,1
#britain,1
#turquie,1
8.5,1
hundred,1
addition,1
100s,1
proof,1
https://t.co/zdsghpvsrt,1
ainsi,1
re-elected,1
public,1
improving,1
attend,1
owned,1
tough,1
cruelty,1
https://t.co/hitfkvj69l,1
https://t.…,1
#aprilfools,1
https://t.co/tesvby5euy,1
ginetta,1
charles,1
quickly,1
yanking,1
@joeyessex_,1
stick,1
buy,1
mcdonnell,1
@telegraph,1
50k,1
https://t.co/tijvvbaptr,1
landed,1
development,1
@williamjhague,1
giant,1
https://t.co/q4giuvjw1z,1
bringing,1
mad,1
rightly,1
anzacs,1
https://t.co/syxj3mva0k,1
recommendation,1
@nhsengland,1
@mevlutcavusoglu,1
cleared,1
meaning,1
https://t.co/7fiepim8oh,1
@beefybotham,1
https://t.co/c7f1yppytp,1
james,1
@pickardje,1
brilliantly,1
produce,1
dance,1
beats,1
george,1
social,1
chaired,1
derngate,1
globally,1
judging,1
exactly,1
lecturers,1
increases,1
hrs,1
letter,1
fms,1
burnt,1
rep,1
@poroshenko,1
greenwich,1
moderate,1
bit,1
http://t.co/p943ewanw5,1
rpi,1
https://t.co/wz9eyur8pp,1
cathedral,1
#coalitionofchaos,1
spreading,1
freeze,1
brit,1
institutions,1
@federicamog,1
@mowat4ws,1
https://t.co/yuot7mih9a,1
bayeux,1
auxilio,1
reduced,1
https://t.co/jgp0qo2lde,1
uncontrolled,1
https://t.co/uuvuhdwea1,1
staffs,1
@sporthillingdon,1
#specialrelationship,1
norfolk,1
al,1
steering,1
importance,1
vienna,1
https://t.co/szgzk0c4rm,1
co-operation,1
series,1
b'day,1
surgeries,1
dursley,1
unions,1
performance,1
350m,1
competence,1
massacred,1
losses,1
https://t.co/uccuukzxgc,1
campaigner,1
@tc_basbakan,1
nzers,1
#issg,1
anyone,1
piece,1
@syriacivildef,1
mrs,1
https://t.co/ct0topwhn2,1
wake,1
goldsmith,1
https://t.co/l3kn9wgyuk,1
https://t.co/tlcxvhupse,1
status,1
#osce,1
midland,1
@nicholashopton,1
looks,1
http://t.co/18dazcvjl4,1
hard-earned,1
education,1
zac's,1
lopsided,1
realm,1
whacked,1
#letaidin,1
https://t.co/qhzvlwek8t,1
https://t.co/98ftq7wheq,1
baltic,1
implement,1
sickened,1
https://t.co/wbqe7dedce,1
@rehman_chishti,1
destiny,1
olympics,1
p,1
sipsmith,1
godzilla,1
laughs,1
crisis,1
signcraft,1
slab,1
target,1
someone,1
https://t.co/br62jlwcow,1
https://t.co/rtyyywbfjb,1
quizzed,1
istis,1
https://t.co/j4ombbe900,1
@stephen_mosley,1
https://t.co/5zenpjv3cc,1
pour,1
#daeshjustice,1
https://t.co/4a9efjfpbg,1
army,1
photo,1
real,1
https://t.co/b92cxxo2pl,1
person,1
https://t.co/cnwmenq3tv,1
http://t.co/p3lgotmecr,1
28,1
yesterday,1
jones,1
asad,1
#burma's,1
partly,1
http://t.co/snotateet9,1
https://t.co/jrt0fosypw,1
biggest,1
#aviationsecurity,1
discriminate,1
sombre,1
#japan,1
#lifesciences,1
alongside,1
turned,1
deficit,1
unlocking,1
floodgates,1
san,1
denounce,1
belmont,1
nationally,1
cash,1
fabricated,1
sake,1
mayoral,1
https://t.co/z…,1
horrific,1
brits,1
terrorisme,1
shared,1
upon,1
https://t.co/a4c2fl7bqn,1
barwell,1
reliability,1
@ger_osce,1
sadiq's,1
nobbled,1
dutch,1
http://t.co/fknloj2mbf,1
society,1
https://t.co/frbyb9zzxs,1
cumberbatch,1
grove,1
hijab,1
relationship,1
eve,1
supply,1
bma,1
bureaucracy,1
#pontignano,1
certainly,1
allows,1
ww2,1
failed,1
receiving,1
"760,000",1
#syrian,1
tfl,1
3.6,1
shuddering,1
congressional,1
https://t.co/tw09dzrwwm,1
complete,1
awarded,1
single,1
pm.he,1
@theresa_may,1
injection,1
@juanmansantos,1
excruciating,1
forwards,1
rate,1
marine,1
https://t.co/oc28zhfs60,1
c,1
hairdressers,1
dyson,1
https://t.co/tqf9ipl9hk,1
#challengersdebate,1
lasting,1
treaty,1
accountability,1
l'attente,1
#skpres,1
effective,1
#paris,1
@ukinpoland,1
https://t.co/v2nyknidvy,1
https://t.co/dydd9dtzfw,1
insincere,1
wheel,1
solid,1
https://t.co/fiz9qjtbgp,1
enjoy,1
quai,1
http://t.co/ah9rqq3rac,1
hampstead,1
3m,1
https://t.co/jlgvg8kf7s,1
unite,1
https://t.co/dfier2qagm,1
@daily_politics,1
https://t.co/7itmqgarum,1
greens,1
rest,1
thereafter,1
bored,1
http://t.co/ijepyrjqpa,1
@britishcouncil,1
penny,1
y'day,1
https://t.co/wherngar8d,1
highlight,1
fun,1
syrians,1
possible,1
nationals,1
allow,1
aung,1
https://t.co/fnpub5axmp,1
https://t.co/vfvy18femt,1
pose,1
https://t.co/cebqbqp9a6,1
https://t.co/ynlpnvxzbu,1
card,1
https://t.co/hlsstmfe4e,1
believer,1
ridiculous,1
hits,1
digby,1
meaningless,1
http://t.co/ujtncghur4,1
duncan,1
#peres,1
depot,1
https://t.co/xzhfppfkgv,1
received,1
somme,1
gaze,1
http://t.co/cfzih4qgrq,1
earning,1
safer,1
report,1
winter,1
déjeuner,1
farag,1
https://t.co/hrnzkvz81q,1
bilaterals,1
2m,1
https://t.co/dnwcnafr5t,1
backdoor,1
puddifoot,1
means,1
station,1
killer,1
abingdon,1
https://t.co/x9gsokcexc,1
write,1
