@danieljhannan,1
simple,1
non-eu,1
#worldmentalhealthday,1
lead,15
again,1
pro-brexit,1
#nobelprize,1
can,7
talk,1
exam,1
@conservatives,1
…,20
@gove,1
#marr,2
first,2
2/4,1
generations,1
england,1
delighted,2
backing,9
minister,6
@angelawatkinson,1
pursue,2
points-based,1
full,2
inequality,1
i'm,3
rightly,1
@charlielindlar,1
destroyed,1
candidates,1
meet,1
postcode,1
includes,1
fun,1
win,1
cast,1
,1
ex-offenders,1
true,2
he,11
play,1
recommendation,1
michael,15
thousands,1
do,2
every,3
cooperation,1
misuse,1
telegraph,1
...,2
brown's,1
issue,2
#expertshttps,1
@huffp,1
/,5
human,1
alumnus,1
@edballs,3
https://t.co/wqoh4fx5jtrt,1
articulation,1
wage,1
has,8
usual,3
schools,2
@liztruss,1
be,13
#gove4pm,1
people,3
https://t.co/om8eg08xwh,1
insult,1
terrorized,1
kyrgyz,1
background,1
trade,3
great,10
valued,1
bids,1
devil,1
https://t.co/viklbdqjzfrt,1
@arthurbrooks,2
social,2
‘,1
funny,1
resident,1
@darrengrimes_,1
argues,1
principles,1
help,3
victory,1
powerful,2
haldane,1
reformers,1
clarion,1
him,1
#,1
#murnaghanrt,1
jack,1
dom,1
international,1
@gove2016,33
critical,2
education,1
first-class,1
@mrs_katjones,1
@davidgauke,1
yearsrt,1
seat,1
bbc,1
spoke,1
contest,2
#peston,1
@jackloprestimp,1
https://t.co/nzsoyzq8cfthank,1
piece,3
ballot,1
renegotiate,1
awarded,1
in,33
rights,1
mgthanks,1
dispossessed,1
predecessors,1
wealth,1
wages,2
https://t.co/ffo8y6fksii,1
campaigner,1
believed,1
show,2
going,1
https://t.co/tmmkx7y…rt,1
financial,1
school,2
below,2
guided,1
implement,1
no,4
based,1
@northtorypolicy,1
setting,1
running,1
https://t.co/ftwibm6krr,1
robin,1
victorian,1
movement,1
growth,1
sure,1
must,4
not,6
indi,1
tells,1
who,4
thouless,1
#brexit,1
changes,1
sport,1
duncan,1
agree,1
https://t.co/itrcaqi83z,1
persuasivert,1
michael's,1
@bbcanyquestions,1
prime,5
countries,1
deals,2
@politicshome,1
fisheries,1
nhs,1
https://t.co/dsabzsmjlsrt,1
well,3
retain,1
#toryleadership,1
non-existent,1
schooling,1
al,1
just,1
strategy,1
explaining,1
negotiate,1
colleague,1
control,1
could,1
https://t.co/41djgrl0m7@nickbolesmp,1
politics,4
cross,1
#yemen,1
vital,1
support,13
brexit,2
been,2
£,1
least,1
lord,2
@clarefoges,1
what,3
and,43
role,2
fundamentally,1
as,11
remember,1
fruits,1
#gove2016the,1
with,17
politician,1
reforming,2
fellow,1
economy,2
watch,1
profession,1
is,21
give,1
to,71
go,1
use,1
more,8
child,1
decided,1
i've,4
1st,2
wanted,1
@mgesimmonds,1
attack,1
day,1
your,5
@borisjohnson,1
heffer,1
country,15
#wmhd,1
make,4
lincoln,1
build,2
https://t.co/3ajr3xfwuf,1
residence,1
union,2
good,8
urgent,1
https://t.co/twib…in,1
boards,1
https://t.co/q6kojq0zp5we,1
voting,1
about,5
off,1
government,3
london,1
rewarded,1
https://t.co/hdrltvcpb1,1
need,13
better,1
husband,1
#women2winmrs,1
present,1
https://t.co/gpetwr66qj,1
written,2
members,1
vote,2
before,1
renewed,1
society,1
experience,5
skilled,1
#twibbon,2
https://t.co/rb6rkkgizr,1
https://t.co/s7r4jtiu6art,1
negotiations,1
dictate,1
conviction,2
brave,1
secure,1
nationals,1
https://t.co/5pdywhq7pj,1
tonight,1
#gove2016delighted,1
https://t.co/fmsfbxv5eamy,1
have,11
https://t.co/rxfiejloup,1
relationship,2
mgthank,1
personal,1
numbersrt,1
mirza,2
another,1
axed,1
nicky,1
rees-mogg,1
investigat,1
@justinegreening,1
free,2
their,3
promoted,1
serve,1
https://t.co/cs1…join,1
warrior,1
voted,5
newcastle-under-lyme,1
strictly,1
@andreajenkyns,1
https://t.co/olksjs7zqmrt,1
@neill_bob,3
british,1
way,1
https://t.co/l1oifd5spa,1
25,1
privilege,1
deal,1
will,10
supporting,5
a,35
subject,1
lucid,1
us,3
https://t.co/xoh5etu8q5rt,1
nedum,1
kosterlitz,2
prison,1
never,1
conservatism,1
begin,1
minister's,1
its,1
it's,2
promote,1
sal,1
quality,1
morgan's,1
am,11
’,12
create,1
campaigned,1
letters,1
also,2
david,1
how,2
the,84
got,1
compassionate,1
let's,3
2016rt,1
very,4
known,2
pm,6
https:/…rt,2
moving,1
jubeir,1
nothing,1
earlier,1
joining,1
#puregeniustheresa,1
six,1
next,4
davis,1
andrew,3
https://t.co/z0bor…pleased,1
thatcher,1
days,1
@mrjohnnicolson,2
we,13
fair,2
@mike_fabricant,2
outstanding,1
ahead,1
say,1
@time,1
leaping,1
t.co/3vgkbqjcpz,1
#go,1
hold,1
by,10
https://t.co/hrjqia…eu,1
believe,2
quite,1
doesn,1
all,6
@nickgibbmp,6
complex,1
.,75
courage,2
best,9
last,2
excellent,3
progress,1
capitalism,2
@andrealeadsom,1
morning,1
our,7
name,1
http,1
visits,1
hamilton,2
lawson,1
https://t.co/jp5d9f1l0jrt,1
https://t.…rt,1
endorsement,2
via,3
bonus,1
believer,1
launch,2
concerns,1
argued,2
#cpc16michael,1
mental,2
employ,1
would,5
3,2
@conorburns_mp,2
rowies,1
weekend,1
end,1
most,1
simon,1
@adamafriyie,1
over,2
he's,2
today's,1
times,2
paul,2
#cpc16,1
tomorrow,1
because,1
yrs,1
belief,1
raab,2
candidacy,1
thursday,1
here,7
vision,12
physicists,1
out,7
@trussliz,1
this,12
doing,1
https://t.co/ab8dnwdhoyeu,1
may's,1
missed,1
gove,17
1,1
#safepairofhandslooking,1
honestrt,1
manifesto,1
they,2
https://t.co/rzgnqzvidvrt,1
immediately,1
case,2
european,2
mps,2
@beleaveuk,1
providing,1
spectator,2
rich,1
htt,1
#goveforpm,2
round,1
#sportminds,1
pointing,1
week,1
reforms,2
column,1
years,1
mgthe,1
per,1
https://t.co/pv9aplekabrt,1
@robertgordons,1
celebrateit's,1
diversity,1
home,1
then,1
tory,2
|,2
article,7
dignity,1
call,3
opportunity,1
yesterday,1
required,1
them,6
fencing,1
2020,1
bold,3
optimistic,1
had,1
put,3
thru,1
#michaelgove,1
many,1
lenzie,1
rt,14
tune,1
on,18
future,4
teddy,2
(,1
friend,1
commerce,1
man,5
once,1
even,1
undermined,1
@cllrjoeporter,2
shortly,1
kingdom,1
leadership,7
https://t.co/56ppeuwr7k,2
schizophrenic,1
discriminate,1
life,1
https://t.co/ktpqmryklq,1
citizens,3
rolls,1
https://t.co/mtg9pqq4nt,1
commonwealth,1
whittingdale,1
colleagues,1
https://t.co/qaqpvooxdj@bengoldacre,1
want,4
two,1
churchill,1
campaign,4
",",46
please,5
mitchell,3
ability,2
@sundayexpress1,1
mean,1
speaking,1
#sanaa,1
immigration,2
happy,2
2016,1
supported,1
infrastructure,1
mp,2
capability,1
those,1
australian-style,1
journey,1
@gove2016rt,1
time,1
numbers,1
candidate,3
should,5
forge,1
butter,1
won,1
jacob,1
shows,1
ministers,1
s,6
',3
when,1
@conhome,1
@annietrev,9
dynamic,1
united,1
necessary,1
endorsements,1
britain,14
@itvallegra,1
speech,4
https,1
low,1
reach,1
superbdelighted,1
roosevelt,1
arts,1
articulate,1
from,7
set,2
health,2
confidence,1
lie,1
but,5
foreign,1
https://t.co/d8prhomd…rt,1
one,1
@albertocostamp,2
intellect,1
greater,1
&,8
#gove2016thank,1
happens,1
legal,1
at,3
https://t.co/rnaboh7chfrt,1
undeserving,1
down,1
–,2
said,1
until,1
scientist,1
lost,1
resolve,1
@d_stenhouse,1
conservatives,1
forward,8
@reactionlife,1
long,1
walsall,1
really,1
against,1
news,1
heart,1
former,1
marshall,2
https://t.co/vd40q1niirthank,1
”,1
@toadmeister,4
see,2
#gove2016,25
aberdeen,1
-,27
residency,1
succeed,1
bring,1
ed's,1
friendly,1
congratulations,1
now,3
i,32
or,4
positive,3
that,11
an,8
million,1
open,1
https://t.co/viswy1lw4drt,1
fans,1
#expertsgreat,1
wondering,1
articulated,1
@g,1
:/,2
world,3
gotv,1
someone,2
@nickymorgan01,7
power,1
take,3
why,17
growing,1
policy,2
you,10
which,2
authoritative,1
campaign.the,1
back,1
constituents,1
administrator,1
%,1
potential,1
@edvaizey,2
deliver,2
#gove2016i'm,1
homes,1
hope,2
@telegraphnews,2
steps,1
presented,1
@nickbolesmp,3
https://t.co/c0haauoavhmy,1
of,30
without,1
luck,1
effort,1
some,3
stay,1
plan,2
determined,2
needs,1
"""",11
#gove2016i,4
outlined,1
george,2
both,1
it,8
eu,7
work,2
material,1
radical,1
father's,1
gives,1
common,1
munira,1
stripes,1
@telegraph,1
reformer,2
know,1
https://t.co/scuzdot11krt,1
leader,3
#gove2016join,1
lawfully,1
where,3
cull,1
quote,1
@matcow7,1
stand,1
introduce,1
https://t.co/odolzu0jvemunira,1
https://t.co/jx2nmzqfmwrt,1
pushing,1
mayor,1
@conwayfor,2
@atlasobscura,1
highlight,1
fairer,1
that's,1
final,1
new,6
proves,1
plans,1
https://t.co/6ux6jxl15d,1
healing,1
chance,1
commitments,1
dep,1
daily,1
https://t…rt,1
right,3
convince,1
interview,2
any,1
markets,3
spring-heeled,1
https://t.co/ogikyvlqybi,1
https://t.co/unroejbfrp4/and,1
outside,1
job,1
through,1
place,1
https://t.co/…we,1
#nobelprizefantastic,1
stamp,1
m,4
leave,2
raised,1
principle,1
dominic,1
kind,1
saudi,1
riches,1
for,46
onuoha,1
embark,1
ever,1
enterprise,1
get,6
@telepolitics,1
@thetimes,1
https://t.co/twiuphuxgqfellow,1
hear,1
british-born,1
behind,1
#boysbrigade,1
remain,1
@oli_coulson,1
https://t.co/7hymqvnntvrt,1
impressive,1
mark,1
page,1
me,6
grateful,1
ve,1
https://t.co/rmoglugouxrt,1
change,4
https://t.co/4st2yc5iohrt,1
https://t.co/ktqgnnt5errt,1
person,3
anyone,1
ensuring,1
high,1
w,1
@samfr,1
living,1
alexander,1
https://t.co/urqfv2cuyqrt,1
@holland_tom,1
mgrt,1
doubt,3
eustice,2
fantastic,3
@jamesjonestv,1
trust,1
conservative,3
reform,2
@bbcphilipsim,1
says,3
passionate,2
t.co/jdzxncowiy,1
butteries,1
read,3
@montie,1
speeches,1
100,2
prefer,1
),1
training,1
his,5
gove's,1
together,1
longterm,1
relations,1
generate,1
apprenticeships,1
democratic,1
here's,1
if,1
clear,1
#gov,1
https://t.co/y68t2ipxu2,1
star,1
warm,1
rest,1
done,1
https://t.co/mbnxqj4usyvery,1
drive,1
roosevelthttps,1
@suellafernandes,1
nation,1
average,2
@jamesosh,1
john,1
https://t.co/lomxudo9cnrt,1
#timetochang,1
specific,1
evan,1
justice,1
compromise,1
t,3
system,2
thought-provoking,1
https://t.co/af3xfykyizrt,1
my,17
labour,1
enormous,1
business,3
asia,1
referendum,1
uk,2
boys,1
leon,1
process,1
@channel4news,1
decent,1
party,5
#bbcaq,2
absolutely,1
like,2
#gove2016rt,18
already,2
horsley,1
@theresamay2016,1
greatest,1
mg,2
are,4
trimble,1
https://t…today,1
#gove2016we,1
today,7
excesses,1
:,83
don,2
adviser,1
driving,1
