w,41
…,37
#voteleave,34
today,30
’,28
eu,25
london,24
uk,24
back,23
@borisjohnson,21
@zacgoldsmith,20
vote,20
foreign,20
folks,18
day,17
labour,17
​,16
great,16
people,16
#syria,16
good,15
earlier,15
britain,15
plan,14
support,14
right,13
us,13
mili,13
meet,13
#ukraine,13
meeting,13
security,13
talks,13
@vote_leave,12
rt,12
visit,12
country,12
@conservatives,12
one,11
city,11
friend,11
get,11
fantastic,11
minister,11
#justnotuptoit,11
khan,11
would,10
control,10
need,10
greater,10
make,10
morning,10
£,10
council,10
campaigning,10
thanks,9
troops,9
see,9
years,9
next,9
–,9
miliband,9
action,9
time,9
first,9
uxbridge,8
join,8
streets,8
stop,8
want,8
londoners,8
go,8
tonight,8
mtg,8
strong,8
mp,8
counterpart,8
positive,8
case,8
new,7
brexit,7
record,7
everyone,7
last,7
keep,7
#daesh,7
...,7
welcome,7
gove,7
future,7
wrong,7
snp,7
transport,7
conservative,7
thoughts,7
immigration,7
cut,6
@foreignoffice,6
europe,6
@jeanmarcayrault,6
huge,6
can't,6
party,6
here's,6
he's,6
working,6
ed,6
national,6
pm,6
come,6
days,6
leave,6
cameron,6
vital,6
much,6
forward,6
#libya,6
street,6
homes,6
mayor,6
jobs,6
@david_cameron,6
take,6
1/2,6
victims,6
even,6
south,6
http,6
#bbcqt,6
#turkey,6
zac,5
cooperation,5
local,5
going,5
tax,5
business,5
gover,5
attack,5
won't,5
together,5
conflict,5
#yemen,5
5,5
condemn,5
sign,5
left,5
live,5
leader,5
ever,5
relations,5
campaign,5
#uk,5
park,5
sadiq,5
evening,5
don't,5
events,5
freer,5
#backzac2016,5
policy,5
let's,5
many,5
michael,5
2/2,5
fm,5
elected,4
leadership,4
best,4
brilliant,4
partners,4
chance,4
totally,4
#leadersdebatemiliband,4
dementia,4
part,4
without,4
condolences,4
must,4
man,4
may,4
candidate,4
thank,4
syria,4
use,4
nhs,4
appalling,4
lectern,4
beautiful,4
help,4
issues,4
setting,4
debate,4
polls,4
#unsc,4
@un,4
change,4
#unga,4
says,4
high,4
hear,4
let,4
done,4
ruislip,4
ahead,4
made,4
hall,4
reform,4
believe,4
cracking,4
week,4
dave,4
protect,4
htt,4
discussed,4
end,4
counterparts,4
turkey,4
@backbarwell,4
ceasefire,4
spot,4
secretary,4
british,4
watch,4
@osce,4
news,4
hard,4
also,4
defence,4
discuss,4
progress,4
response,4
it's,4
remember,4
thursday,4
june,4
https,4
well,4
#inoroutgove,4
economy,4
govt,4
hours,4
talking,4
regional,4
supporting,4
lives,4
offer,4
backing,3
forget,3
clear,3
mike,3
#boston,3
meets,3
opened,3
budget,3
start,3
chaos,3
meetings,3
every,3
deals,3
built,3
finchley,3
@franceintheuk,3
happy,3
important,3
#inoroutand,3
pay,3
croydon,3
10pm,3
justice,3
inc,3
green,3
@nadhimzahawi,3
trade,3
saddened,3
way,3
market,3
corbyn,3
increase,3
#eudebate,3
migration,3
bring,3
#takecontrol,3
vs,3
latest,3
pleased,3
andrea,3
final,3
covered,3
v,3
voted,3
#globalbritain,3
sir,3
around,3
another,3
spoken,3
makes,3
agreed,3
million,3
@germanydiplo,3
numbers,3
i'm,3
remarks,3
faisal,3
like,3
investment,3
joint,3
win,3
boris,3
stone,3
23,3
french,3
german,3
#voteconservative,3
terrible,3
france,3
#arnhem,3
excellent,3
especially,3
tory,3
life,3
name,3
say,3
earth,3
@paologentiloni,3
2bn,3
team,3
two,3
nige,3
1st,3
launch,3
johnson,3
@ukun_newyork,3
tories,3
speech,3
tube,3
remain,3
respects,3
never,3
far,3
bravo,3
#koenders,3
#un,3
looking,3
#leadersdebate,3
#gymnich,3
night,3
old,3
promise,3
strike,3
money,3
nice,3
situation,3
hope,3
#steinmeier,3
amazing,3
lead,3
embassy,3
staff,3
needs,3
job,3
jo,3
dr,3
think,3
continue,3
open,3
following,3
wage,3
#munich,3
greatest,3
trail,3
president,3
service,3
exit,3
proud,3
family,3
euro,3
underlined,3
voters,3
build,3
golders,3
video,3
@freer4fgg,3
secure,3
democracy,3
l,3
@marymacleod2015,3
#somalia,3
showed,2
@votebobblackman,2
@sebastiankurz,2
volunteers,2
holiday,2
west,2
queen's,2
regime,2
cannot,2
look,2
pounding,2
weekend,2
waste,2
he'd,2
lay,2
side,2
full,2
wreath,2
daesh,2
stuff,2
absolutely,2
@metpoliceuk,2
italian,2
unknown,2
miles,2
@hannahdavid_hw,2
agree,2
demonstrate,2
big,2
principled,2
rights,2
major,2
@rhchelsea,2
coalition,2
north,2
#aleppo,2
discussion,2
australian,2
private,2
#eu,2
sovereignty,2
imagine,2
continued,2
questions,2
prosperity,2
gavin,2
@skynews,2
included,2
hendon,2
hole,2
informal,2
#voteukipgetmiliband,2
shows,2
countries,2
brave,2
since,2
@angiebray2015,2
#potsdam,2
including,2
car,2
elsewhere,2
chiswick,2
#germany,2
fund,2
cont,2
bash,2
enfield,2
#nhs,2
global,2
point,2
hotel,2
moving,2
livingstone,2
#unga71,2
anniversary,2
#ballsup,2
grt,2
king,2
sector,2
reception,2
civilians,2
ongoing,2
gave,2
policies,2
polling,2
confirmed,2
dead,2
tell,2
ilford,2
manifesto,2
colleagues,2
month,2
shocked,2
profound,2
games,2
hour,2
set,2
@teamgb,2
@scullyp,2
half,2
network,2
matthew,2
really,2
affairs,2
3/3,2
brighter,2
media,2
2/3,2
number,2
24th,2
top,2
7,2
notre,2
could,2
#ge2015,2
britannique,2
democratic,2
et,2
tomorrow,2
garden,2
de,2
ki-moon,2
royal,2
destroy,2
threatens,2
visions,2
standard,2
across,2
propped,2
investigation,2
afternoon,2
dynamic,2
centre,2
energy,2
away,2
louise,2
year,2
pledge,2
@votejamesberry,2
past,2
political,2
level,2
higher,2
follow,2
downing,2
@pavloklimkin,2
rules,2
#austria,2
range,2
24,2
ministerial,2
tonight's,2
history,2
tomb,2
talk,2
#rio2016,2
constituency,2
friendship,2
congratulate,2
offord,2
land,2
independent,2
suffering,2
uk-drafted,2
saying,2
become,2
@polandmfa,2
black,2
show,2
held,2
announce,2
referendum,2
soldier,2
answer,2
acton,2
bank,2
#irandeal,2
#esmayoral,2
monitoring,2
@dutchmfa,2
lose,2
former,2
kick,2
red,2
address,2
@nickdebois,2
others,2
bilateral,2
@alzsoclondon,2
bert,2
#gibraltar,2
hit,2
visited,2
efforts,2
updates,2
commitment,2
nuclear,2
opportunity,2
death,2
@sadiqkhan,2
residents,2
solidarity,2
taking,2
stitch,2
raised,2
passionate,2
#militripe,2
sur,2
asked,2
harrow,2
workers,2
tour,2
stability,2
fight,2
area,2
deserve,2
tune,2
terrorism,2
@ukinfrance,2
fco,2
@hillingdon,2
we'll,2
wants,2
flag,2
concerned,2
sutton,2
colne,2
au,2
1/3,2
fares,2
que,2
#kyiv,2
might,2
yet,2
#assad,2
@patel4witham,2
reminder,2
valley,2
direct,2
drum,2
wonderful,2
raise,2
heave,2
theresa,2
#leadersdebatedave,2
contracts,2
aviation,2
economic,2
#russia,2
le,2
disaster,2
deal,2
@syrianhnc_en,2
she's,2
#warsaw,2
night's,2
lowestoft,2
rebate,2
supports,2
site,2
return,2
shock,2
majesty,2
protecting,2
work,2
pro,2
enfold,2
wandsworth,2
economists,2
hosting,2
success,2
privilege,2
humanitarian,2
#nigeria,2
served,2
coopération,2
conservatives,2
joining,2
helping,2
loss,2
leaving,2
stands,2
amount,2
@simonmarcus,2
costs,2
close,2
resolution,2
send,2
retweet,2
#daw2016,2
reaction,2
european,2
leaders,2
zero,2
supporters,2
condolence,2
@streetvelodrome,2
stronger,2
caught,2
ministers,2
@juliebishopmp,2
tea,2
weapons,2
sunny,2
#battlebus,2
save,2
break,2
civil,2
@lawrencelnt,2
eastern,2
warm,2
#leadersdebatehow,2
promoting,2
love,2
50,2
opening,2
getting,2
#iraq,2
libya,2
prime,2
@tania_mathias,2
challenges,2
#waszczykowski,2
union,2
sound,2
intl,2
italy,2
companies,2
ban,2
battle,2
postal,2
#leadersdebatecome,1
await,1
hosts,1
usual,1
jubeir,1
weaponised,1
teams,1
rate,1
favour,1
spells,1
http://t.co/pn06wfpghkv,1
plate,1
hits,1
politicians,1
ny's,1
hand,1
territorial,1
#edstonegreat,1
https://t.co/oc28zhfs60coming,1
supplied,1
instinct.why,1
plugging,1
claim,1
#sevenseven,1
washington,1
app,1
withdrawal,1
#nice,1
memories,1
700,1
give,1
yesterday,1
asking,1
@ukinaustria,1
partner,1
briefing,1
@thehalotrust,1
easter,1
release,1
1pm,1
write,1
ginetta,1
10,1
fear,1
@daily_politics,1
superb,1
sake,1
whacked,1
public,1
@ukinpolandcaught,1
https://t.co/hitfkvj69l,1
battersea,1
3m,1
anzacs,1
robust,1
https://t.co/wdcyk0nmiba,1
refugee,1
campaigner,1
pleasure,1
enjoy,1
staffs,1
turn,1
https://t.co/rtyyywbfjbhere's,1
clicking,1
fms,1
@stevehiltonx,1
http://t.co/ah9rqq3rac,1
https://t.co/i9ausyawvf#aukmin2016,1
commercial,1
sustained,1
trac,1
reminded,1
whilst,1
growth,1
paying,1
slab,1
#leadersdebategood,1
mp.we,1
addition,1
nous,1
#ukraine's,1
officials,1
ropes,1
today.my,1
godzilla,1
https://t.co/abfnu1ikq5in,1
#cycle4sepsisif,1
https://t.co/hgjzjcxbr7salmond,1
troubled,1
massachusetts,1
#letaidin,1
closely,1
affordable,1
http://t.co/nndcghvhlggreat,1
creation,1
#projecthope,1
hammersmith,1
taken,1
intercontinental,1
spirit,1
spelling,1
massacred,1
#daeshjustice,1
danny,1
surgeries,1
https://t.co/5zenpjv3ccy'day,1
puddifoot,1
finland,1
#bbcqtpm,1
https://t.co/wbqe7dedcemorning,1
attend,1
https://t.co/r5qkmubppzhonoured,1
f-w,1
crack,1
accountability,1
unquestionably,1
near,1
cowardy,1
nobel,1
whole,1
minsk,1
killer,1
massive,1
essential,1
performance,1
https:/…great,1
familyhello,1
deficit,1
undemocratic,1
civilian,1
https://t.co/lnjtvis7mhwarm,1
https://t.co/ukpmeotrft,1
walks,1
circle,1
https://t.co/jvoglm13vxrt,1
sterling,1
day.grt,1
https://t.co/rt0phxyjuza,1
kazakh,1
mincemeat,1
endlessly,1
australians,1
#specialrelationship,1
un,1
discussions,1
https://t.co/wttminfytdtfl,1
standing,1
https://t.co/tme3ceum2sexcellent,1
#turquie,1
ed.farage,1
cabinet,1
https://t.co/xwupefaiqurt,1
sponsors,1
key,1
misleads,1
means,1
http://t.co/2uy8ibvtwtat,1
promised,1
#pathtoequality,1
memorial,1
discover,1
http://t.co/jwqhugbwlahappy,1
maintai,1
https://t.co/wspbn3omsvunimaginable,1
https://t.co/ow3cmlhpsa.@ipswichstar24,1
crossrail,1
arrived,1
borrowed,1
https://t.co/7fiepim8ohthis,1
israeli,1
chaired,1
#italyearthquake1,1
quo,1
selfie,1
https://t.co/cebqbqp9a6when,1
training,1
nationals,1
responsible,1
call,1
patently,1
#bbcqtmichael,1
#britain,1
http://t.co/p3lgotmecrgood,1
https://t.co/h5rwfuwgffi'm,1
https://t.co/7itmqgarumin,1
http://t.co/bgfp2z1tkxsturgeon,1
#lavrov,1
step,1
yorkshire,1
brit,1
@theresa_may,1
hma,1
proof,1
o2,1
#japan,1
single,1
#inorout,1
bernard,1
fishermen,1
increasingly,1
diplomatie,1
palazzo,1
fringe,1
incredibly,1
https://t.co/jdidhth9jwrt,1
https://t.co/xv94vdwdjvmet,1
op,1
http://t.co/nb1ranqprvfrom,1
answers,1
https://t.co/l3kn9wgyukwelcomed,1
#colombia,1
@tc_basbakan,1
defences,1
baltic,1
https://t.co/nk3h…fantastic,1
risks,1
farage,1
d'orsay,1
agendagood,1
find,1
devolution,1
underwaycalled,1
#skpres,1
@mevlutcavusoglu,1
#nomoneyleft,1
https://t.co/hgclyyvkedproud,1
reasons,1
education,1
j,1
80s,1
unanimously,1
legislative,1
attempt,1
derngate,1
suffering.asad,1
giving,1
behalf,1
https://t.co/jlgvg8kf7shere,1
doubt,1
certainly,1
@joeyessex_,1
brings,1
realm,1
extravaganza,1
#vienna,1
afraid,1
#bbcqtgove,1
https://t.…rt,1
bureaucracy,1
https://t.co/dnwcnafr5trt,1
https://t.co/2pmo4go1k4the,1
fought,1
compromise,1
true.there,1
camp,1
steady,1
https://t.co/7vgi6rpadqcorbyn/mcdonnell,1
announced,1
implementation,1
convey,1
#iran,1
ensure,1
#londonmayor2016rt,1
signs,1
freeze,1
frank-walter,1
https://t.co/hyxs0oddavheld,1
#assadrt,1
#london2012i,1
lowest,1
development,1
statement,1
heavier,1
thelma,1
cheer,1
eustice,1
hillingdon,1
apology,1
honestly,1
cheek,1
http://t.co/a1uzu7xpkudon't,1
group,1
treaty,1
#teamlondon,1
https://t.co/36ywwzltr3happy,1
stage,1
oman's,1
@britishcouncil,1
st,1
vision,1
more.solid,1
coming,1
digby,1
https://t.co/qgfxilelpdmy,1
wanted,1
défense,1
#latvian,1
encouraged,1
http://t.co/zzfl3lwhcirt,1
leading,1
hrs,1
suu,1
@ukinnewyork,1
colombiagood,1
i'd,1
conference,1
sky,1
restrictions,1
islam,1
putting,1
dc,1
strict,1
http://t.co/k0tudathskcampaigning,1
cash,1
westminster,1
364,1
@melvutcavusoglu,1
https://t.co/5wyxrya4tyjust,1
republic,1
productivegood,1
heaven's,1
@nicolablackwood,1
paris,1
showing,1
subs,1
#peres,1
complete,1
losses,1
unless,1
improve,1
enjoyable,1
tireless,1
https://t.co/nnun2z3puhamericans,1
owned,1
#bbcqted,1
#bratislava,1
https://t.co/wwaqfapdlethe,1
#inoroutthe,1
race,1
nationally,1
#francereaffirmed,1
kong,1
http://t.co/ttsj1plxl0good,1
https://t.co/2vdbroiydfattended,1
#leadersdebateridiculous,1
@defenceu,1
remind,1
http://t.co/wbxhcmf08mgreat,1
pe,1
immediately,1
lengthening,1
#businesslettercracking,1
deliver,1
cuts,1
@ukinaustriatoday,1
waiting,1
plan.if,1
borders,1
borrowing,1
miliband's,1
senseless,1
http://t.co/lrvgmdex4cgreat,1
who's,1
parties,1
lopsided,1
https://t.co/tpxbpnlw6mpleasure,1
natural,1
afford,1
#taxcutsconservatives,1
sink,1
tougher,1
https://t.co/tlcxvhupsequick,1
footage,1
morgan,1
beach,1
https://t.co/c7f1yppytp,1
figure,1
http://t.co/oz5yojwhdnrt,1
swift,1
chaleureux,1
@gopleader,1
#bbcqtmili,1
re-elected,1
@rt_erdogan,1
lavrov,1
speeches,1
bma,1
negotiations,1
hundred,1
increases,1
http://t.co/g0yfgngfclgreat,1
dystopic,1
potential,1
oak,1
https://t.co/idxqczhufyhonoured,1
started,1
quickly,1
https://t.co/uccuukzxgcliterally,1
little,1
http://t.co/awyydgpxtxone,1
de-mining,1
http://t.co/p943ewanw5very,1
#cities2020,1
hairdressers,1
aung,1
sombre,1
moment,1
shootings,1
http://t.co/fknloj2mbfrt,1
anyone,1
commie,1
impact,1
@beefybotham,1
daily,1
@change_britain,1
https://t.co/tivk6zdvakabsolutely,1
office,1
marylebone,1
capable,1
lots,1
http://t.co/dfllcjskwcnightmare,1
familyjust,1
delegation,1
https://t.co/yzmjq54ghdlanded,1
mtgs,1
http://t.co/g5catl8krygreat,1
28,1
counter,1
#securetherecovery,1
boyle,1
@pennymordauntmp,1
economics,1
female,1
massacre,1
regeneration,1
boston-based,1
https://t.co/x9gsokcexcsad,1
https://t.co/rqb9cesp3lfantastic,1
aid,1
100,1
midland,1
fair,1
https://t.co/p4pz1hfuhbtomorrow,1
ue,1
finland's,1
mayor.spreading,1
swathe,1
strengthen,1
tehran,1
https://t.co/nh5qfc5fwdproud,1
floundering,1
#leadersdebategreat,1
additional,1
apprenticeships,1
underestimate,1
edition,1
scott,1
#bbcqtsend,1
though,1
http://t.co/lkdlj8ps6qvery,1
attended,1
#leadersdebatecameron,1
http://t.co/snotateet9the,1
https://t.co/npwbi9hgt4deeply,1
#burma's,1
receiving,1
https://t.co/vfvdjqkhwdrt,1
hq,1
cares,1
goldman,1
duncan,1
improving,1
https://t.co/wdqxrtslflrt,1
@andrealeadsom,1
brazil,1
#sanaa,1
http://t.co/phhlhpdg0gbrilliant,1
tilt,1
verdict,1
queues,1
aced,1
nicola,1
preliminary,1
legacy,1
greenwich,1
chief,1
pas,1
create,1
https://t.co/n9zxzgnzndrt,1
2017,1
valuable,1
process,1
wheel,1
http://t.co/mckjn9irzl,1
income,1
#aukmin2016,1
intergenerational,1
nominations,1
peace,1
allowing,1
#holland,1
past.the,1
unfolded,1
decrease,1
years.fantastic,1
alhambra,1
@giselastuart,1
convoy,1
climate,1
ibrahim,1
lasting,1
san,1
staying,1
sounded,1
@richard4watford,1
adviceshocked,1
ftt,1
@vejonis,1
dyson,1
#eu2016sk,1
protected,1
@grahamevans,1
http://t.co/dkwds5kz4bbrilliant,1
optimistic,1
#kabul,1
poll,1
https://t.co/dfier2qagmofficially,1
@william_wragg,1
thanking,1
pride,1
germany,1
#inoroutit,1
turke,1
tasked,1
reasonable,1
goldsmith,1
http://t.co/j247im5fppfriendly,1
dairy,1
https://t.co/buzm2250w0great,1
agendaexcellent,1
congressional,1
https://t.co/lfcf9omxcpsaddened,1
celebrating,1
#marketgarden,1
guard,1
already,1
https://t.co/yflika3ghemy,1
meaning,1
@louisemensch,1
firsthand,1
homologue,1
links,1
81,1
riyad,1
@mowat4ws,1
line,1
george,1
@chhcalling,1
#brussels,1
http://t.co/taju5ztfhdfinal,1
eat,1
350m,1
still,1
@hill_libraries,1
http://t.co/amkzohsjziso,1
https://t.co/xmmpqorc8fheard,1
firm,1
pkk,1
bartered,1
https://t.co/ii4fojzdmswe,1
catchy,1
highlight,1
bn,1
8bn,1
today.well,1
https://t.co/tqf9ipl9hkwe,1
school,1
rubble,1
https://t.co/p7dhjyoweu,1
weaver,1
strength,1
https://…rt,1
nearly,1
ac,1
stunning,1
http://t.co/edeyvf7k1nfinal,1
representative,1
understanding,1
#springforum,1
http://t.co/18dazcvjl4mili,1
1981,1
english,1
https://t.co/p6vupgaq1wdelighted,1
http://t.co/gmllpcg7m9some,1
sanctions,1
feel,1
james,1
assembly,1
http://t.co/tl3loo0glf.@conservatives,1
ukraine,1
@ukinitaly,1
https://t.co/wk2bmxsnxeon,1
resolving,1
celebrated,1
via,1
@skpres2016,1
denial,1
#leadersdebatebackdoor,1
apprentices,1
advice,1
https://t.co/7a5c8xkhl1in,1
sickened,1
fairness,1
privatisation,1
necessary,1
10bn,1
https://t.co/bsw3htgredpleasure,1
@telegraph,1
successors,1
farag,1
london's,1
thereafter,1
rape,1
mrs,1
correct,1
https://t.co/f3ticnefoxrt,1
#siena,1
person,1
bureaucrats,1
repres,1
72,1
suggested,1
offering,1
https://t.co/l3eki6lgdkalso,1
entering,1
#stgeorgesday,1
https://t.co/q4giuvjw1zamid,1
real,1
#housingthe,1
cent,1
barwell,1
easter.shocked,1
theatre,1
productive,1
https://t.co/hrnzkvz81qi,1
story,1
modernising,1
outside,1
addiscombe,1
https://t.co/5k3vji7l9ejust,1
pass,1
manuel,1
concerns,1
biggest,1
vale,1
protestors,1
#itveuref,1
banging,1
wider,1
supporter,1
awareness,1
http://t.co/c2ezirpysjmili,1
insincere,1
later,1
soldiers,1
loved,1
reliability,1
http://t.co/d9xxxelez9great,1
lunch,1
personnel,1
joined,1
incredible,1
mosque,1
#edstonebrilliant,1
founder,1
http://t.co/dchkjebzywrt,1
saudi,1
https://t.co/iprk9uddz4morning,1
honoured,1
vast,1
props,1
ramp,1
respectfully,1
@denysshortt,1
@rylan,1
gib,1
@poroshenko,1
http://t.co/czytpqolbqbeautiful,1
clip,1
crisis,1
la,1
al,1
hansen,1
gen,1
lbc,1
cox,1
backed,1
#inoroutremember,1
telegraph,1
wake,1
simply,1
avec,1
#sameoldlabour,1
#londonmayor2016zac's,1
https://t.co/3ankayhm2iplease,1
flying,1
fighting,1
completely,1
partly,1
https://…paras,1
1,1
pose,1
floodgates,1
amongst,1
wish,1
sessions,1
net,1
timepleasure,1
uk-poland,1
covering,1
cover,1
gratitude,1
@federicamog,1
archaeologists,1
déjeuner,1
https://t.co/jbgnoaqnjkcaught,1
https://t.co/7oh38t5zmmbusy,1
#florence,1
winners,1
lunchtime,1
sport,1
biz,1
ww2,1
@juanmansantos,1
blank,1
@youtubejust,1
brussels,1
https://t.co/zdsghpvsrti,1
fighter,1
congratulated,1
sets,1
kind,1
oppositionrt,1
https://t.co/wnkw4ioluj#ukraine,1
jean-claude,1
alonert,1
differently,1
once-in-a-lifetime,1
importance,1
campus,1
natalie,1
https://t.co/bi4zlzw2zqi,1
https://t.co/uuvuhdwea1unbelievably,1
heroes,1
https://t.co/ibwponukckit's,1
told,1
http://t.co/aqskgfzwszunder,1
mh17,1
#battlebustour,1
deliberately,1
bhumibol,1
monarch,1
#justnotuptoited,1
@ukinboston,1
slaughter,1
visits,1
https://t.co/iuczv2vxefof,1
servicea,1
https://t.co/hlsstmfe4ejust,1
ending,1
#tooting,1
hypocrisy,1
uncontrolled,1
research,1
http://t.co/dxwy0xjgiigreat,1
david,1
#bbcqtonly,1
http://t.co/paq8qgf7f1further,1
corbynistas,1
kyi,1
alex,1
protects,1
beefy,1
2016,1
1997,1
debt,1
publicly,1
government,1
minimum,1
got,1
jamais,1
businesses,1
https://t.co/v2nyknidvyrt,1
lecturers,1
earning,1
territories,1
https://t.co/ql8wenfxyqjust,1
spoke,1
@chestercath,1
freedom,1
sipsmith,1
status,1
@uksepsistrust,1
slammed,1
ramsgate,1
https://t.co/g5dregcgn1come,1
polish,1
@itvthismorning,1
ceremony,1
https://t.co/nbj1xbpolx,1
marple,1
atrocity,1
growin,1
discriminate,1
balls,1
https://t.co/yhjowmhugqpositive,1
competence,1
mps,1
#leadersdebateagain,1
allows,1
nonsense,1
ties,1
card,1
heard,1
pointless,1
hounslow,1
http://t.co/xpet1cnqpgcracking,1
meaningless,1
colleague,1
globally,1
@cwgc,1
https://t.co/frvl3dxmxbhere's,1
https://t.co/xzhfppfkgvand,1
vecchio,1
tuesday,1
@stephen_mosley,1
https://t.co/jgp0qo2ldegood,1
#ourocean's,1
bafflement,1
100s,1
high-speed,1
e,1
#newyork,1
l'europe,1
"760,000",1
met,1
integrity,1
asad,1
https://t.co/webnlqzhcs175,1
http://t.co/ujtncghur4we,1
@ukinnljust,1
sturgeon,1
allow,1
looks,1
worl,1
councilspoke,1
begin,1
families,1
perfectly,1
forming,1
appeal,1
govern,1
england,1
@huffpostukpol,1
https://t.co…productive,1
health,1
clearer,1
resumption,1
https://t.co/gdvdmederaless,1
thailand,1
doncaster,1
nec,1
l'attente,1
access,1
https://t.co/u8dwakz2cu#uk,1
zapped,1
knew,1
ratchet,1
https://t.co/iaquvsncmva,1
#northkorea,1
https://t.co/j4ombbe900,1
faintly,1
continues,1
https://t.co/ekf77gi95umeeting,1
sepsis,1
horrific,1
#leadersdebatefrom,1
legitimate,1
yanking,1
pressures,1
plus,1
lutte,1
wideranging,1
lord,1
falkland,1
labour's,1
prosper,1
responsehosted,1
charlie,1
@itv,1
capability,1
#lifesciences,1
judging,1
#londonmayor2016,1
#australia,1
clarity,1
pm.he,1
hired,1
alongside,1
#inoroutyou,1
authority,1
teddington,1
pain,1
☺,1
brits,1
turnout,1
https://t.co/tw09dzrwwmhonoured,1
jones,1
@bombardier,1
whether,1
human,1
norfolk,1
@marisepayne,1
quai,1
capacity,1
http://t.co/cfzih4qgrqgreat,1
guterres,1
moses,1
eve,1
int,1
@dcsgroupuk,1
seeing,1
prize,1
beyond,1
driving,1
islands,1
@convent_gib,1
https://t.co/qjjgre0wc2spoke,1
attackjust,1
pace,1
2012,1
york,1
express,1
https://t.co/tdxewx3ydvrt,1
mid,1
belmont,1
@colne_valley,1
uk-backed,1
https://t.co/jh3rpwtmqqrt,1
https://t.co/b92cxxo2plscorcher,1
ian,1
#italyearthquakecongratulations,1
non,1
taxes,1
https://t.co/mudon3ruvsi,1
crime,1
free,1
mayoral,1
@keithprince4gla,1
host,1
olympic,1
https://t.co/k9xxyw09bvdiscussed,1
importante,1
election,1
quittons,1
bored,1
massively,1
quick,1
charter,1
sovereign,1
http://t.co/7ebgwbjbqtvote,1
threat,1
common,1
he'll,1
cars,1
defensoribus,1
alexandra,1
mausoleum,1
@michelledonelan,1
8.5,1
forging,1
bang,1
reforms,1
cities,1
yr,1
blackhole,1
violence,1
migrate,1
cox's,1
upgrade,1
brilliantly,1
prefer,1
forwards,1
https://t.co/yirflgd46dsmashing,1
#saysorryed,1
beats,1
penny,1
corbynitis,1
sulphur,1
#inoroutbrilliant,1
l'ue,1
created,1
bowed,1
conceited,1
https://t.co/wayxtaxjluthose,1
https://t.co/aqvbayofchrt,1
message,1
walkabout,1
140,1
@nhsengland,1
trapped,1
https://t.co/ttcgfehvvxgood,1
alan,1
#libye,1
maintain,1
morert,1
army,1
sorrow,1
place,1
affectedupdated,1
https://t.co/rjy1wjzm7c,1
website,1
busy,1
sure,1
proper,1
owns,1
building.fantastic,1
role,1
26,1
@pickardje,1
#italy,1
i'll,1
https://t.co/br62jlwcowsadiq,1
tomorrow's,1
jez,1
#bbcdebate,1
recommendation,1
cites,1
facebook,1
they're,1
#inoroutrt,1
https://t.co/ik1efvrnwbthis,1
breakfast,1
nothing,1
lost,1
signcraft,1
https://t.co/h4s1h4rhiisad,1
pauses,1
#ataturk,1
relation,1
@miroslavlajcak,1
50k,1
country.interesting,1
securityon,1
à,1
diplomats,1
catch,1
space,1
https://t.co/mfchyv61doa,1
https://t.co/4a9efjfpbgbrilliant,1
grateful,1
https://t.co/cnwmenq3tvhonoured,1
small,1
tough,1
https://t.co/p2l2wzwzzpchemical,1
https://t.co/4hgrsszojmwelcomed,1
college,1
per,1
loads,1
chester,1
cycling,1
dursley,1
balanced,1
abingdon,1
effective,1
havering,1
https://t.co/fngudegpbpif,1
poor,1
funded.good,1
shabby.fantastic,1
twittersphere,1
inspect,1
#coalitionofchaosgreat,1
living,1
tragic,1
terrorisme,1
#cameroninchargedc,1
#brexit,1
cafe,1
improved,1
simple,1
malden,1
failed,1
steering,1
launched,1
inflict,1
norwich,1
hazel,1
highly,1
put,1
rally,1
rigby's,1
https://t.co/ghq66pfzwzbrave,1
https://t.co/1fqehq7thztories,1
download,1
dance,1
https://t.co/szgzk0c4rma,1
recovery,1
https://t.co/ljmkfli7l2good,1
chippenham,1
upon,1
target,1
#pontignano,1
hijab,1
#leadersdebatemore,1
gap,1
stand,1
sense,1
laughs,1
post,1
uk-eu,1
stroud,1
official,1
committed,1
#inorouteven,1
regimert,1
#aviationsecurity,1
empty,1
value,1
https://t.co/rkryrbwaz9what,1
#stpatricksday,1
doctors,1
areas,1
#cpc15,1
#inoroutvienna,1
votedmorning,1
communicating,1
bilaterals,1
al-jaafari,1
forthcoming,1
chat,1
https://t.co/msla98jzx4rt,1
https://t.co/paxzfhqoztthe,1
wishing,1
energise,1
dedicated,1
https://t.co/wvv07wrwgilooking,1
armed,1
#milishamblesno,1
https://t.co/dnlv43kbqdwe,1
réduire,1
deeply,1
b'day,1
struggle,1
managers,1
dest,1
comrade,1
#inoroutspot,1
https://t.co/ct0topwhn2enjoyable,1
cathedral,1
rightly,1
belief,1
#challengersdebate,1
@stroud_neil,1
13,1
difficult,1
ambassador,1
@michellemone,1
fassnidge,1
safest,1
rep,1
injection,1
field,1
juncker,1
iraq,1
@rehman_chishti,1
picture,1
folk,1
#us,1
https://t.co/dydd9dtzfwi’m,1
https://t.co/jrt0fosypwrt,1
movie,1
asset,1
words,1
https://t.co/ubziuwio2krt,1
g,1
projects,1
@fabianpicardo,1
restoring,1
shimon,1
tells,1
douvres,1
sacrifices,1
#bbcqtthelma,1
negative,1
https://t.co/syaf57bfczfinal,1
https://t.co/wgcni8j34dwholly,1
tali,1
faces,1
@conhome,1
olympics,1
https://t.co/0wtgvwhzizrt,1
islamic,1
nations,1
ops,1
https://t.co/fejpuwaufcheavenly,1
climax,1
https://t.co/r9yw42tw4ugreat,1
salmond,1
boe,1
engaged,1
doesn't,1
date,1
https://t.co/98ftq7wheqgenuine,1
https://t.co/kbeg2drpgrfantastic,1
approved,1
yemen,1
shy,1
https://…fantastic,1
https://t.co/gvffgoxximsaddened,1
operation,1
rest,1
outrageous,1
steel,1
housing,1
reflect,1
reminding,1
queen,1
result,1
peaceful,1
https://t.co/fiz9qjtbgpgreat,1
children,1
carry,1
hi,1
@sporthillingdon,1
ray,1
results,1
where's,1
turned,1
bloke,1
@karren_brady,1
https://t.co/yuot7mih9ait’s,1
#gaziantep,1
auxilio,1
syrians,1
grass,1
current,1
#somalie,1
https://t.co/tesvby5euygreat,1
surbiton,1
https://t.co/jnovauz6qlfarewell,1
isn't,1
attacks,1
choose,1
http://t.co/ohpoknj28x,1
demining,1
society,1
gardening,1
believer,1
burnt,1
3,1
fun,1
https://t.co…this,1
better,1
http://t.co/2el9kc36qvlunch,1
ken,1
unite,1
boasts,1
https://t.co/uzseggm8rgrt,1
http://t.co/xvuqx4hpc8good,1
challengesgreat,1
appalling.if,1
@peterwilson,1
sage,1
grove,1
https://t.co/fnpub5axmpout,1
portobello,1
https://t.co/vfvy18femtproductive,1
turkish,1
effect,1
contract,1
#leadersdebatetories,1
wealth,1
#asad's,1
unlocking,1
underline,1
https://t.co/hthdqk7aqmlee,1
#slovakia,1
https://t.co/dbmjtkdlit,1
lovely,1
wages,1
https://t.co/d8st7g6ijsv,1
towards,1
frightening,1
#niceattack,1
involved,1
deprived,1
idrissov,1
comres,1
https://t.co/p0bgtu4p0vbank,1
funeral,1
lee,1
mr,1
increased,1
east,1
among,1
#osce,1
hampstead,1
based,1
https://t.co/tcbiapo1bhit,1
parisians,1
p,1
@timmclachlan1,1
took,1
progressive,1
antónio,1
signing,1
someone,1
adulyadej,1
i've,1
plant,1
immigrants,1
shuddering,1
omani,1
https:/…rt,1
mad,1
#mh17,1
fess,1
luck,1
politics,1
urgent,1
#inoroutexactly,1
morning.hope,1
deepest,1
accept,1
boom,1
nightmare,1
jo's,1
speaking,1
finally,1
https://t.co/ynlpnvxzbu,1
affected,1
stratford,1
delivered,1
secretary-general,1
awarded,1
jeremy,1
https://t.co/wz9eyur8pprt,1
#bb,1
http://t.co/gi36rhsijhgood,1
3.6,1
http://t.co/ldar9r8cpx.@votejamesberry,1
moderate,1
https://t.co/cl7dqus4vwrt,1
https://t.co/2juzxqgvgdthis,1
fat,1
piece,1
read,1
kennedy,1
@johnkerry,1
http://t.co/8ypdzyqxfia,1
shared,1
giant,1
rpi,1
humbly,1
represent,1
@pgpuk_genomes,1
safer,1
clegger,1
soon,1
decision,1
co-operation,1
#syrian,1
earners,1
hogan-howe,1
https://t.co/3ianpobbq6ken,1
round,1
world,1
lecturing,1
https://t.co/0ehxkvc5wtsadiq,1
opportunities,1
gaze,1
somme,1
https://t.co/qhzvlwek8t2/2,1
felt,1
world-leading,1
terrorismappalling,1
supply,1
eh,1
planned,1
@nicholashopton,1
proving,1
pays,1
https://t.co/nlq9ehs9v9,1
#leadersdebatemili,1
attacked,1
double,1
https://t.co/8gjly6a4aydelighted,1
https://t.co/bk95gmstqfukraine,1
cast,1
buy,1
earn,1
https://t.co/dzwvbhnhibgreat,1
http://t.co/mpyvgalso9as,1
quite,1
implement,1
bayeux,1
spending,1
baker,1
governor,1
unwavering,1
actually,1
https://t.co/zhkriuxcuain,1
https://t.co/x1v5c392amrt,1
mi,1
delighted,1
https://t.co/x3ymoxqagcdelighted,1
stint,1
murder,1
@antoniaromeouk,1
sadiq's,1
depot,1
elites,1
digital,1
#leadersdebatewell,1
cats,1
opposition.congratulated,1
funding,1
thinking,1
https://t.co/ghwxbestp1v,1
marine,1
@janeellison,1
@douglascarswell,1
please,1
country.london,1
hosted,1
cos,1
#leadersdebatebecoming,1
russian,1
spent,1
leadsom's,1
alarming,1
londonerswe,1
leadsom,1
sad,1
ease,1
wanstead,1
ago,1
https://t.co/z…great,1
thks,1
warrington,1
@ger_osce,1
daw,1
providing,1
photo,1
http://t.co/yusivjzr5uwho,1
bit,1
@expressandstar,1
spend,1
enough,1
judgement,1
http://t.co/upycehi2z3rt,1
https://t.co/tijvvbaptr#turkey,1
#paris,1
travail,1
series,1
40,1
#ge2015to,1
rejected,1
keys,1
ealing,1
sensible,1
successor,1
#dover,1
independence,1
moments,1
unilateral,1
https://t.co/frbyb9zzxsincredibly,1
saving,1
tapestry,1
truly,1
negotiating,1
http://t.co/ijepyrjqpart,1
said,1
https://t.co/vi3vgvwqddonly,1
indiscriminate,1
fabricated,1
cleared,1
juddering,1
quizzed,1
law,1
three,1
strikes,1
ensuring,1
overseas,1
https://t.co/wherngar8d,1
excruciating,1
opp,1
ainsi,1
sachs,1
friendly,1
undying,1
square,1
globalised,1
ones,1
ldn,1
glimpse,1
conditionsreceived,1
https://t.co/3u0d282cwhrt,1
possible,1
whiff,1
produce,1
#aprilfools,1
unfolding,1
inspiring,1
#issg,1
https://t.co/j2ituhhzacthere,1
torture,1
https://t.co/fyhlwktdeepleased,1
https://t.co/wxoqlss1kivaluable,1
letting,1
contributor,1
stick,1
chessington,1
forces,1
#inoroutthese,1
http://t.co/cbkargp7lvbrilliant,1
war,1
democracy.david,1
leadenhall,1
growing,1
mon,1
@ukinnlgreat,1
seat,1
cruelty,1
istis.blair,1
90th,1
#eshustingswe,1
denounce,1
@16airassltbde,1
course,1
#inoroutdead,1
report,1
#cameronincharge,1
traders,1
https://t.co…don't,1
c,1
nzers,1
https://t.co/syxj3mva0kbrilliant,1
test,1
g8,1
https://t.co/rtxaj4wdj3great,1
https://t.co/qaf4bp4iuqin,1
..,1
improvements,1
2.3,1
lengthen,1
insurance,1
constituents,1
prelude,1
unions,1
https://t.co/a4c2fl7bqncongratulations,1
margarets.great,1
enslavement,1
https://t.co/xgfv9d6bb0rt,1
institutionsvery,1
distillery,1
relationship,1
congratulations,1
comes,1
country.hugely,1
garcia,1
plans,1
@cmackinlay,1
grip,1
chemical,1
hard-earned,1
enticed,1
stuck,1
http://t.co/gyks5zvs8ygreat,1
life.on,1
something,1
agreement,1
2m,1
rock,1
easily,1
advanced,1
@williamjhague,1
effects,1
sunday,1
prepared,1
#syrie,1
behold,1
dutch,1
bus,1
station,1
https://t.co/xcho21ks4pgove,1
difference,1
2nd,1
we're,1
#nobelpeaceprize,1
closed,1
bringing,1
pour,1
https://t.co/ltltjgflmplooking,1
https://t.co/w…zac,1
rescue,1
proudly,1
paul,1
experiment,1
matter,1
#leadersdebatepm,1
jan,1
chris,1
reduced,1
@syriacivildef,1
winter,1
showcased,1
social,1
#inoroutsteelworkers,1
https://t.co/h0tkx1ccyxhooray,1
face,1
cluster,1
worked,1
members,1
violations,1
destiny,1
http://t.co/nig3xww2mggreens,1
@ukoscegreat,1
#ungaspoke,1
tonightcumberbatch,1
making,1
opens,1
http://t.co/txcbzxhcydgreat,1
hm,1
enjoyed,1
http://t.co/5g4sfjequlblair,1
decide,1
https://t.co/tj4kvfpttsin,1
nobbled,1
@hollywills,1
custard,1
https:/…throughout,1
stumbling,1
futureright,1
abetting,1
surge,1
elect,1
letter,1
charles,1
